GDRE Tools v2.6.0
Windows 10.0.26200, NVIDIA GeForce RTX 3050, vulkan
Opening file: C:/Users/NoahE/Documents/erdetspill multiplayer/erdetspill/erdetspill.pck
ERROR: res://addons/fpstemplate/Targets/Models/ShootingRangeTarget/scene.gltf.import: no destination files found in import data
   at: ImportInfoModern::_load (modules\gdsdecomp\utility\import_info.cpp:693)
Loaded 2102 imported files
Detected Engine Version: 4.6.2
Detected Bytecode Revision: 4.5.0-stable (ebc36a7)
Verified 4224 files, no errors detected!
Extracted 4224 files, no errors detected!
Recreating plugin configs...
Downloading plugin to populate cache: https://codeberg.org/godotsteam/godotsteam/releases/download/v4.20.1-gde/godotsteam-4.20.1-gdextension-plugin-4.4.zip
WARNING: Dependency res://assets/props/Characters_psx/textures/Character_17_Female_Police.png:res://.godot/imported/Character_17_Female_Police.png-0b01fe5131eb0a4994b041e7974d7e8a.s3tc.ctex is not mapped to the same path: res://.godot/imported/Character_17_Female_Police.png-0b01fe5131eb0a4994b041e7974d7e8a.s3tc.ctex (uid://yp1qyiwqxwkv)
   at: GLBExporterInstance::_load_deps (modules\gdsdecomp\exporters\scene_exporter.cpp:1030)
WARNING: Dependency res://assets/props/Characters_psx/textures/Character_18_Female_Police.png:res://.godot/imported/Character_18_Female_Police.png-2da5b7f64c3f495e9edd76851479994a.s3tc.ctex is not mapped to the same path: res://.godot/imported/Character_18_Female_Police.png-2da5b7f64c3f495e9edd76851479994a.s3tc.ctex (uid://xkvttaiwy2ft)
   at: GLBExporterInstance::_load_deps (modules\gdsdecomp\exporters\scene_exporter.cpp:1030)
WARNING: Dependency res://assets/props/Characters_psx/textures/Character_19_Female_Police.png:res://.godot/imported/Character_19_Female_Police.png-f0bd5e44e9d01575637e3aa5ada9702a.s3tc.ctex is not mapped to the same path: res://.godot/imported/Character_19_Female_Police.png-f0bd5e44e9d01575637e3aa5ada9702a.s3tc.ctex (uid://cg0ytl7n370g)
   at: GLBExporterInstance::_load_deps (modules\gdsdecomp\exporters\scene_exporter.cpp:1030)
WARNING: Dependency res://assets/props/Characters_psx/textures/Character_20_Female_Police.png:res://.godot/imported/Character_20_Female_Police.png-e55190a6b138cf1c3d74b4a78775c6fb.s3tc.ctex is not mapped to the same path: res://.godot/imported/Character_20_Female_Police.png-e55190a6b138cf1c3d74b4a78775c6fb.s3tc.ctex (uid://bc5kmfrv6ogps)
   at: GLBExporterInstance::_load_deps (modules\gdsdecomp\exporters\scene_exporter.cpp:1030)
WARNING: Dependency res://assets/props/Characters_psx/textures/Character_21_Female_Firefighter.png:res://.godot/imported/Character_21_Female_Firefighter.png-835f7fec08f8257d162b79c749fa7468.s3tc.ctex is not mapped to the same path: res://.godot/imported/Character_21_Female_Firefighter.png-835f7fec08f8257d162b79c749fa7468.s3tc.ctex (uid://n6gnm1a6cm5g)
   at: GLBExporterInstance::_load_deps (modules\gdsdecomp\exporters\scene_exporter.cpp:1030)
Populating plugin version hashes for godotsteam version: v4.20.1-gde
WARNING: Dependency res://assets/props/Characters_psx/textures/Character_22_Female_Firefighter.png:res://.godot/imported/Character_22_Female_Firefighter.png-70a4fe25e28dc1557aa19313a8411590.s3tc.ctex is not mapped to the same path: res://.godot/imported/Character_22_Female_Firefighter.png-70a4fe25e28dc1557aa19313a8411590.s3tc.ctex (uid://do2e2g56r0l06)
   at: GLBExporterInstance::_load_deps (modules\gdsdecomp\exporters\scene_exporter.cpp:1030)
WARNING: Dependency res://assets/props/Characters_psx/textures/Character_23_Female_Doctor.png:res://.godot/imported/Character_23_Female_Doctor.png-14a8b46c9379736fc2e997e947901165.s3tc.ctex is not mapped to the same path: res://.godot/imported/Character_23_Female_Doctor.png-14a8b46c9379736fc2e997e947901165.s3tc.ctex (uid://bdufar8lvj8ic)
   at: GLBExporterInstance::_load_deps (modules\gdsdecomp\exporters\scene_exporter.cpp:1030)
Downloading plugin to populate cache: https://codeberg.org/godotsteam/godotsteam/releases/download/v4.20-gde/godotsteam-4.20-gdextension-plugin-4.4.zip
WARNING: Dependency res://assets/props/Characters_psx/textures/Character_24_Female_Doctor.png:res://.godot/imported/Character_24_Female_Doctor.png-378b20beef557a5cd50395be423e3181.s3tc.ctex is not mapped to the same path: res://.godot/imported/Character_24_Female_Doctor.png-378b20beef557a5cd50395be423e3181.s3tc.ctex (uid://dfqvsfyf8yd8w)
   at: GLBExporterInstance::_load_deps (modules\gdsdecomp\exporters\scene_exporter.cpp:1030)
WARNING: Dependency res://assets/props/Characters_psx/textures/Character_25_Female_Police.png:res://.godot/imported/Character_25_Female_Police.png-3d4b90ab7b38d74d9e2c75aecb917616.s3tc.ctex is not mapped to the same path: res://.godot/imported/Character_25_Female_Police.png-3d4b90ab7b38d74d9e2c75aecb917616.s3tc.ctex (uid://wypyi3lqc3d8)
   at: GLBExporterInstance::_load_deps (modules\gdsdecomp\exporters\scene_exporter.cpp:1030)
WARNING: Dependency res://assets/props/Characters_psx/textures/Character_26_Female_Police.png:res://.godot/imported/Character_26_Female_Police.png-418cae2c0af395279849c7beef565aad.s3tc.ctex is not mapped to the same path: res://.godot/imported/Character_26_Female_Police.png-418cae2c0af395279849c7beef565aad.s3tc.ctex (uid://dy3mg8h4iqwwe)
   at: GLBExporterInstance::_load_deps (modules\gdsdecomp\exporters\scene_exporter.cpp:1030)
WARNING: Dependency res://assets/props/Characters_psx/textures/Character_27_Female_HM.png:res://.godot/imported/Character_27_Female_HM.png-d45b901efb7c2dcf46be2f40ca8a44ac.s3tc.ctex is not mapped to the same path: res://.godot/imported/Character_27_Female_HM.png-d45b901efb7c2dcf46be2f40ca8a44ac.s3tc.ctex (uid://dts6rr3pq3cqe)
   at: GLBExporterInstance::_load_deps (modules\gdsdecomp\exporters\scene_exporter.cpp:1030)
WARNING: Dependency res://assets/props/Characters_psx/textures/Character_28_Female_HM.png:res://.godot/imported/Character_28_Female_HM.png-f096319af25ac8b1ec5a5b2f41d2e01a.s3tc.ctex is not mapped to the same path: res://.godot/imported/Character_28_Female_HM.png-f096319af25ac8b1ec5a5b2f41d2e01a.s3tc.ctex (uid://7ec718abfxxv)
   at: GLBExporterInstance::_load_deps (modules\gdsdecomp\exporters\scene_exporter.cpp:1030)
WARNING: Dependency res://assets/props/Characters_psx/textures/Character_29_Female.png:res://.godot/imported/Character_29_Female.png-0ef444074dd2912456f5818c1b721118.s3tc.ctex is not mapped to the same path: res://.godot/imported/Character_29_Female.png-0ef444074dd2912456f5818c1b721118.s3tc.ctex (uid://cc3p5f6vh2pny)
   at: GLBExporterInstance::_load_deps (modules\gdsdecomp\exporters\scene_exporter.cpp:1030)
Populating plugin version hashes for godotsteam version: v4.20-gde
WARNING: Dependency res://assets/props/Characters_psx/textures/Character_30_Female.png:res://.godot/imported/Character_30_Female.png-2c6844c9a122061adaaa4493eaefd8c8.s3tc.ctex is not mapped to the same path: res://.godot/imported/Character_30_Female.png-2c6844c9a122061adaaa4493eaefd8c8.s3tc.ctex (uid://c6ddrcf5akoci)
   at: GLBExporterInstance::_load_deps (modules\gdsdecomp\exporters\scene_exporter.cpp:1030)
WARNING: Dependency res://assets/props/Characters_psx/textures/Character_31_Female.png:res://.godot/imported/Character_31_Female.png-f1fcbcb57da481d917c29d9e460802d3.s3tc.ctex is not mapped to the same path: res://.godot/imported/Character_31_Female.png-f1fcbcb57da481d917c29d9e460802d3.s3tc.ctex (uid://cxp2hxw4hf531)
   at: GLBExporterInstance::_load_deps (modules\gdsdecomp\exporters\scene_exporter.cpp:1030)
WARNING: Dependency res://assets/props/Characters_psx/textures/Character_32_Female.png:res://.godot/imported/Character_32_Female.png-5c41bb025777ff96be5068c091261b07.s3tc.ctex is not mapped to the same path: res://.godot/imported/Character_32_Female.png-5c41bb025777ff96be5068c091261b07.s3tc.ctex (uid://bblo8ap1hvb0d)
   at: GLBExporterInstance::_load_deps (modules\gdsdecomp\exporters\scene_exporter.cpp:1030)
WARNING: Dependency res://assets/props/Characters_psx/textures/Character_33_Female.png:res://.godot/imported/Character_33_Female.png-4553cfd4426515d349b09c1a0ae9f978.s3tc.ctex is not mapped to the same path: res://.godot/imported/Character_33_Female.png-4553cfd4426515d349b09c1a0ae9f978.s3tc.ctex (uid://cdl7yrql6swr)
   at: GLBExporterInstance::_load_deps (modules\gdsdecomp\exporters\scene_exporter.cpp:1030)
WARNING: Dependency res://assets/props/Characters_psx/textures/Character_Female_02.png:res://.godot/imported/Character_Female_02.png-aca0c2c2bd3b697915a86a03a4aa5edc.s3tc.ctex is not mapped to the same path: res://.godot/imported/Character_Female_02.png-aca0c2c2bd3b697915a86a03a4aa5edc.s3tc.ctex (uid://b6ukgdip8mqbe)
   at: GLBExporterInstance::_load_deps (modules\gdsdecomp\exporters\scene_exporter.cpp:1030)
WARNING: Dependency res://assets/props/Characters_psx/textures/Character_Female_03.png:res://.godot/imported/Character_Female_03.png-44338f8d5760d9369f647359b23c6686.s3tc.ctex is not mapped to the same path: res://.godot/imported/Character_Female_03.png-44338f8d5760d9369f647359b23c6686.s3tc.ctex (uid://b64h0eatwn6r3)
   at: GLBExporterInstance::_load_deps (modules\gdsdecomp\exporters\scene_exporter.cpp:1030)
WARNING: Dependency res://assets/props/Characters_psx/textures/Character_Female_04.png:res://.godot/imported/Character_Female_04.png-b44f8097043ddc20d60e2e1f338fb255.s3tc.ctex is not mapped to the same path: res://.godot/imported/Character_Female_04.png-b44f8097043ddc20d60e2e1f338fb255.s3tc.ctex (uid://cx6a3vpeauixo)
   at: GLBExporterInstance::_load_deps (modules\gdsdecomp\exporters\scene_exporter.cpp:1030)
WARNING: Dependency res://assets/props/Characters_psx/textures/Character_Female_05.png:res://.godot/imported/Character_Female_05.png-c961a762fa8de880852ee46055c02fd3.s3tc.ctex is not mapped to the same path: res://.godot/imported/Character_Female_05.png-c961a762fa8de880852ee46055c02fd3.s3tc.ctex (uid://dn2poxelrg7fp)
   at: GLBExporterInstance::_load_deps (modules\gdsdecomp\exporters\scene_exporter.cpp:1030)
WARNING: Dependency res://assets/props/Characters_psx/textures/Character_Female_06.png:res://.godot/imported/Character_Female_06.png-761d657ba53386d9492623163944a56a.s3tc.ctex is not mapped to the same path: res://.godot/imported/Character_Female_06.png-761d657ba53386d9492623163944a56a.s3tc.ctex (uid://cftthtf6x8773)
   at: GLBExporterInstance::_load_deps (modules\gdsdecomp\exporters\scene_exporter.cpp:1030)
WARNING: Dependency res://assets/props/Characters_psx/textures/Character_Female_07.png:res://.godot/imported/Character_Female_07.png-e7ba2b6ffc0efb64ba5c2ae228db3a62.s3tc.ctex is not mapped to the same path: res://.godot/imported/Character_Female_07.png-e7ba2b6ffc0efb64ba5c2ae228db3a62.s3tc.ctex (uid://qc62k40i8irf)
   at: GLBExporterInstance::_load_deps (modules\gdsdecomp\exporters\scene_exporter.cpp:1030)
WARNING: Dependency res://assets/props/Characters_psx/textures/Character_Female_08.png:res://.godot/imported/Character_Female_08.png-47b252f3059b1d876a6413d22141375b.s3tc.ctex is not mapped to the same path: res://.godot/imported/Character_Female_08.png-47b252f3059b1d876a6413d22141375b.s3tc.ctex (uid://cenx3mrk7fv6i)
   at: GLBExporterInstance::_load_deps (modules\gdsdecomp\exporters\scene_exporter.cpp:1030)
WARNING: Dependency res://assets/props/Characters_psx/textures/Character_Female_09.png:res://.godot/imported/Character_Female_09.png-3c3609f08ce0ec4c6b715915e12b86aa.s3tc.ctex is not mapped to the same path: res://.godot/imported/Character_Female_09.png-3c3609f08ce0ec4c6b715915e12b86aa.s3tc.ctex (uid://wwxdc2icbq0k)
   at: GLBExporterInstance::_load_deps (modules\gdsdecomp\exporters\scene_exporter.cpp:1030)
WARNING: Dependency res://assets/props/Characters_psx/textures/Character_Female_10.png:res://.godot/imported/Character_Female_10.png-d13220fd9c3f990b023cc1611b9f2a48.s3tc.ctex is not mapped to the same path: res://.godot/imported/Character_Female_10.png-d13220fd9c3f990b023cc1611b9f2a48.s3tc.ctex (uid://hs6nirndqis4)
   at: GLBExporterInstance::_load_deps (modules\gdsdecomp\exporters\scene_exporter.cpp:1030)
Found matching plugin after population: godotsteam, version: v4.20-gde, download url: https://codeberg.org/godotsteam/godotsteam/releases/download/v4.20-gde/godotsteam-4.20-gdextension-plugin-4.4.zip
WARNING: Dependency res://assets/props/Characters_psx/textures/Character_Female_11.png:res://.godot/imported/Character_Female_11.png-4f7f096c20e528b3df9453a9735816cf.s3tc.ctex is not mapped to the same path: res://.godot/imported/Character_Female_11.png-4f7f096c20e528b3df9453a9735816cf.s3tc.ctex (uid://cvena2x74y5lk)
   at: GLBExporterInstance::_load_deps (modules\gdsdecomp\exporters\scene_exporter.cpp:1030)
WARNING: Dependency res://assets/props/Characters_psx/textures/Character_Female_12.png:res://.godot/imported/Character_Female_12.png-af5f6b14ea1fef0cd4a22b3328c3556b.s3tc.ctex is not mapped to the same path: res://.godot/imported/Character_Female_12.png-af5f6b14ea1fef0cd4a22b3328c3556b.s3tc.ctex (uid://csuwkbvtt45uq)
   at: GLBExporterInstance::_load_deps (modules\gdsdecomp\exporters\scene_exporter.cpp:1030)
WARNING: Dependency res://assets/props/Characters_psx/textures/Character_Female_13.png:res://.godot/imported/Character_Female_13.png-40d5ebc36dd0de3f244e38b7ee0245b6.s3tc.ctex is not mapped to the same path: res://.godot/imported/Character_Female_13.png-40d5ebc36dd0de3f244e38b7ee0245b6.s3tc.ctex (uid://bigyh608mm2lw)
   at: GLBExporterInstance::_load_deps (modules\gdsdecomp\exporters\scene_exporter.cpp:1030)
WARNING: Dependency res://assets/props/Characters_psx/textures/Character_Female_14.png:res://.godot/imported/Character_Female_14.png-a6f475f0beadc3ecdec8e4b5ba4c4d1b.s3tc.ctex is not mapped to the same path: res://.godot/imported/Character_Female_14.png-a6f475f0beadc3ecdec8e4b5ba4c4d1b.s3tc.ctex (uid://bc45xg284211v)
   at: GLBExporterInstance::_load_deps (modules\gdsdecomp\exporters\scene_exporter.cpp:1030)
WARNING: Dependency res://assets/props/Characters_psx/textures/Character_Female_15.png:res://.godot/imported/Character_Female_15.png-228e8282fdbed3731364bf1d7c9fd0e2.s3tc.ctex is not mapped to the same path: res://.godot/imported/Character_Female_15.png-228e8282fdbed3731364bf1d7c9fd0e2.s3tc.ctex (uid://do8lcx3rsh53u)
   at: GLBExporterInstance::_load_deps (modules\gdsdecomp\exporters\scene_exporter.cpp:1030)
WARNING: Dependency res://assets/props/Characters_psx/textures/Character_Female_16.png:res://.godot/imported/Character_Female_16.png-ba76a27a5cc007058129e02a47c09cdf.s3tc.ctex is not mapped to the same path: res://.godot/imported/Character_Female_16.png-ba76a27a5cc007058129e02a47c09cdf.s3tc.ctex (uid://vrx20s4rh7uc)
   at: GLBExporterInstance::_load_deps (modules\gdsdecomp\exporters\scene_exporter.cpp:1030)
WARNING: Dependency res://assets/props/Characters_psx/textures/Character_Killer.png:res://.godot/imported/Character_Killer.png-76f6e6b82a7d00246042b4f6b015ddf1.s3tc.ctex is not mapped to the same path: res://.godot/imported/Character_Killer.png-76f6e6b82a7d00246042b4f6b015ddf1.s3tc.ctex (uid://b54d10plpov8t)
   at: GLBExporterInstance::_load_deps (modules\gdsdecomp\exporters\scene_exporter.cpp:1030)
WARNING: Dependency res://assets/props/Characters_psx/textures/Character_Killer_01.png:res://.godot/imported/Character_Killer_01.png-dbf0a5640e1838b19a0c6f76bb926a28.s3tc.ctex is not mapped to the same path: res://.godot/imported/Character_Killer_01.png-dbf0a5640e1838b19a0c6f76bb926a28.s3tc.ctex (uid://dymttxhtkqmto)
   at: GLBExporterInstance::_load_deps (modules\gdsdecomp\exporters\scene_exporter.cpp:1030)
WARNING: Dependency res://assets/props/Characters_psx/textures/Character_Killer_02.png:res://.godot/imported/Character_Killer_02.png-41244bcc64b428f41770dd2d0dfe5871.s3tc.ctex is not mapped to the same path: res://.godot/imported/Character_Killer_02.png-41244bcc64b428f41770dd2d0dfe5871.s3tc.ctex (uid://dxi3uhjsw6x0k)
   at: GLBExporterInstance::_load_deps (modules\gdsdecomp\exporters\scene_exporter.cpp:1030)
WARNING: Dependency res://assets/props/Characters_psx/textures/Character_Killer_03.png:res://.godot/imported/Character_Killer_03.png-790f26bead414e60189578f094187c2a.s3tc.ctex is not mapped to the same path: res://.godot/imported/Character_Killer_03.png-790f26bead414e60189578f094187c2a.s3tc.ctex (uid://55oy0qsou5vt)
   at: GLBExporterInstance::_load_deps (modules\gdsdecomp\exporters\scene_exporter.cpp:1030)
WARNING: Dependency res://assets/props/Characters_psx/textures/Character_Killer_04.png:res://.godot/imported/Character_Killer_04.png-8bae821749779c0d7fe2cff216577869.s3tc.ctex is not mapped to the same path: res://.godot/imported/Character_Killer_04.png-8bae821749779c0d7fe2cff216577869.s3tc.ctex (uid://bj67giqaa6oh6)
   at: GLBExporterInstance::_load_deps (modules\gdsdecomp\exporters\scene_exporter.cpp:1030)
WARNING: Dependency res://assets/props/Characters_psx/textures/Character_Killer_05.png:res://.godot/imported/Character_Killer_05.png-51ef1f75a1fb8fecec23c946ca989fe3.s3tc.ctex is not mapped to the same path: res://.godot/imported/Character_Killer_05.png-51ef1f75a1fb8fecec23c946ca989fe3.s3tc.ctex (uid://bop2y2yr6o2jq)
   at: GLBExporterInstance::_load_deps (modules\gdsdecomp\exporters\scene_exporter.cpp:1030)
WARNING: Dependency res://assets/props/Characters_psx/textures/Character_Killer_06.png:res://.godot/imported/Character_Killer_06.png-b7f95c2c9d23d0b7ad14c714f4cb2ad1.s3tc.ctex is not mapped to the same path: res://.godot/imported/Character_Killer_06.png-b7f95c2c9d23d0b7ad14c714f4cb2ad1.s3tc.ctex (uid://3wmmka16n154)
   at: GLBExporterInstance::_load_deps (modules\gdsdecomp\exporters\scene_exporter.cpp:1030)
WARNING: Dependency res://assets/props/Characters_psx/textures/Character_Killer_07.png:res://.godot/imported/Character_Killer_07.png-1661948ed6b735bbe8e1a4c2db8b286a.s3tc.ctex is not mapped to the same path: res://.godot/imported/Character_Killer_07.png-1661948ed6b735bbe8e1a4c2db8b286a.s3tc.ctex (uid://bx0sqp0cnn42o)
   at: GLBExporterInstance::_load_deps (modules\gdsdecomp\exporters\scene_exporter.cpp:1030)
WARNING: Dependency res://assets/props/Characters_psx/textures/Character_Monster.png:res://.godot/imported/Character_Monster.png-9366eea8411ddd1bb6fb98edfd70fc27.s3tc.ctex is not mapped to the same path: res://.godot/imported/Character_Monster.png-9366eea8411ddd1bb6fb98edfd70fc27.s3tc.ctex (uid://eqsmxw3us7q3)
   at: GLBExporterInstance::_load_deps (modules\gdsdecomp\exporters\scene_exporter.cpp:1030)
WARNING: Dependency res://assets/props/Characters_psx/textures/Character_Monster_01.png:res://.godot/imported/Character_Monster_01.png-f95a49664fd286e6889fea9e14512e75.s3tc.ctex is not mapped to the same path: res://.godot/imported/Character_Monster_01.png-f95a49664fd286e6889fea9e14512e75.s3tc.ctex (uid://xi5034yrnwiy)
   at: GLBExporterInstance::_load_deps (modules\gdsdecomp\exporters\scene_exporter.cpp:1030)
WARNING: Dependency res://assets/props/Characters_psx/textures/Character_Monster_02.png:res://.godot/imported/Character_Monster_02.png-623e57ce331d8b47c3a0cbbd47f782af.s3tc.ctex is not mapped to the same path: res://.godot/imported/Character_Monster_02.png-623e57ce331d8b47c3a0cbbd47f782af.s3tc.ctex (uid://db13dlk4lp003)
   at: GLBExporterInstance::_load_deps (modules\gdsdecomp\exporters\scene_exporter.cpp:1030)
WARNING: Dependency res://assets/props/Characters_psx/textures/Character_Monster_03.png:res://.godot/imported/Character_Monster_03.png-14c6807d0a13a220554366a129adca7d.s3tc.ctex is not mapped to the same path: res://.godot/imported/Character_Monster_03.png-14c6807d0a13a220554366a129adca7d.s3tc.ctex (uid://bibf220fld351)
   at: GLBExporterInstance::_load_deps (modules\gdsdecomp\exporters\scene_exporter.cpp:1030)
WARNING: Dependency res://assets/props/Characters_psx/textures/Character_Monster_04.png:res://.godot/imported/Character_Monster_04.png-6b1e3c3458aa18de59ff8ab854968037.s3tc.ctex is not mapped to the same path: res://.godot/imported/Character_Monster_04.png-6b1e3c3458aa18de59ff8ab854968037.s3tc.ctex (uid://cu06rrk42e1ov)
   at: GLBExporterInstance::_load_deps (modules\gdsdecomp\exporters\scene_exporter.cpp:1030)
WARNING: Dependency res://assets/props/Characters_psx/textures/Character_Monster_05.png:res://.godot/imported/Character_Monster_05.png-94917d49fb3d9cf6caa62c7773b69ddb.s3tc.ctex is not mapped to the same path: res://.godot/imported/Character_Monster_05.png-94917d49fb3d9cf6caa62c7773b69ddb.s3tc.ctex (uid://dlbaub2jjnvay)
   at: GLBExporterInstance::_load_deps (modules\gdsdecomp\exporters\scene_exporter.cpp:1030)
WARNING: Dependency res://assets/props/Characters_psx/textures/Character_01.png:res://.godot/imported/Character_01.png-d2f37b24f543addd75a79cb575f3fac5.s3tc.ctex is not mapped to the same path: res://.godot/imported/Character_01.png-d2f37b24f543addd75a79cb575f3fac5.s3tc.ctex (uid://bi3yugds6bjls)
   at: GLBExporterInstance::_load_deps (modules\gdsdecomp\exporters\scene_exporter.cpp:1030)
WARNING: Dependency res://assets/props/Characters_psx/textures/Character_02.png:res://.godot/imported/Character_02.png-b65f79624d90d10e276803c1f2dbe4af.s3tc.ctex is not mapped to the same path: res://.godot/imported/Character_02.png-b65f79624d90d10e276803c1f2dbe4af.s3tc.ctex (uid://dr3nq6o51he6)
   at: GLBExporterInstance::_load_deps (modules\gdsdecomp\exporters\scene_exporter.cpp:1030)
WARNING: Dependency res://assets/props/Characters_psx/textures/Character_03.png:res://.godot/imported/Character_03.png-42108551642aea5f2e1142fb811ae7f1.s3tc.ctex is not mapped to the same path: res://.godot/imported/Character_03.png-42108551642aea5f2e1142fb811ae7f1.s3tc.ctex (uid://drgq7pepbsmlh)
   at: GLBExporterInstance::_load_deps (modules\gdsdecomp\exporters\scene_exporter.cpp:1030)
WARNING: Dependency res://assets/props/Characters_psx/textures/Character_04.png:res://.godot/imported/Character_04.png-82a247f8c8926466ee4778c03c4e86f0.s3tc.ctex is not mapped to the same path: res://.godot/imported/Character_04.png-82a247f8c8926466ee4778c03c4e86f0.s3tc.ctex (uid://ca6tqdkdlnl6b)
   at: GLBExporterInstance::_load_deps (modules\gdsdecomp\exporters\scene_exporter.cpp:1030)
WARNING: Dependency res://assets/props/Characters_psx/textures/Character_05.png:res://.godot/imported/Character_05.png-930f1ca83bdf66384093bec44c6f8d9b.s3tc.ctex is not mapped to the same path: res://.godot/imported/Character_05.png-930f1ca83bdf66384093bec44c6f8d9b.s3tc.ctex (uid://5ramcd1ekk71)
   at: GLBExporterInstance::_load_deps (modules\gdsdecomp\exporters\scene_exporter.cpp:1030)
WARNING: Dependency res://assets/props/Characters_psx/textures/Character_06.png:res://.godot/imported/Character_06.png-8dd19738fb255bdaf193c4cf293e2d14.s3tc.ctex is not mapped to the same path: res://.godot/imported/Character_06.png-8dd19738fb255bdaf193c4cf293e2d14.s3tc.ctex (uid://d4cqed8ovnfvf)
   at: GLBExporterInstance::_load_deps (modules\gdsdecomp\exporters\scene_exporter.cpp:1030)
WARNING: Dependency res://assets/props/Characters_psx/textures/Character_07.png:res://.godot/imported/Character_07.png-f71f7edb9ca98cc274a187015cdf8b80.s3tc.ctex is not mapped to the same path: res://.godot/imported/Character_07.png-f71f7edb9ca98cc274a187015cdf8b80.s3tc.ctex (uid://chsjmi5muola0)
   at: GLBExporterInstance::_load_deps (modules\gdsdecomp\exporters\scene_exporter.cpp:1030)
WARNING: Dependency res://assets/props/Characters_psx/textures/Character_08.png:res://.godot/imported/Character_08.png-22d8e6ffc11685fd2750ccbaec061154.s3tc.ctex is not mapped to the same path: res://.godot/imported/Character_08.png-22d8e6ffc11685fd2750ccbaec061154.s3tc.ctex (uid://hcmpm1eke15e)
   at: GLBExporterInstance::_load_deps (modules\gdsdecomp\exporters\scene_exporter.cpp:1030)
WARNING: Dependency res://assets/props/Characters_psx/textures/Character_09.png:res://.godot/imported/Character_09.png-d5c49838a2f9c664c520f3e0bd01b397.s3tc.ctex is not mapped to the same path: res://.godot/imported/Character_09.png-d5c49838a2f9c664c520f3e0bd01b397.s3tc.ctex (uid://bit80ym40x0on)
   at: GLBExporterInstance::_load_deps (modules\gdsdecomp\exporters\scene_exporter.cpp:1030)
WARNING: Dependency res://assets/props/Characters_psx/textures/Character_10.png:res://.godot/imported/Character_10.png-aa5d642976909a75511be191e589a0f1.s3tc.ctex is not mapped to the same path: res://.godot/imported/Character_10.png-aa5d642976909a75511be191e589a0f1.s3tc.ctex (uid://bncd7ttmedu2g)
   at: GLBExporterInstance::_load_deps (modules\gdsdecomp\exporters\scene_exporter.cpp:1030)
WARNING: Dependency res://assets/props/Characters_psx/textures/Character_11.png:res://.godot/imported/Character_11.png-a3cf0c89046f75c15373954ee87c2884.s3tc.ctex is not mapped to the same path: res://.godot/imported/Character_11.png-a3cf0c89046f75c15373954ee87c2884.s3tc.ctex (uid://bbo1igtemx0b8)
   at: GLBExporterInstance::_load_deps (modules\gdsdecomp\exporters\scene_exporter.cpp:1030)
WARNING: Dependency res://assets/props/Characters_psx/textures/Character_12.png:res://.godot/imported/Character_12.png-e88bf70ac610d1ca336fced083d4e160.s3tc.ctex is not mapped to the same path: res://.godot/imported/Character_12.png-e88bf70ac610d1ca336fced083d4e160.s3tc.ctex (uid://dup8y3g18lbeq)
   at: GLBExporterInstance::_load_deps (modules\gdsdecomp\exporters\scene_exporter.cpp:1030)
WARNING: Dependency res://assets/props/Characters_psx/textures/Character_13.png:res://.godot/imported/Character_13.png-231c77bb451c44c3a0c6d51683e09c70.s3tc.ctex is not mapped to the same path: res://.godot/imported/Character_13.png-231c77bb451c44c3a0c6d51683e09c70.s3tc.ctex (uid://dejajf82kd3h8)
   at: GLBExporterInstance::_load_deps (modules\gdsdecomp\exporters\scene_exporter.cpp:1030)
WARNING: Dependency res://assets/props/Characters_psx/textures/Character_14.png:res://.godot/imported/Character_14.png-a8c99ffe9c08bf3680bacc3d99b863fb.s3tc.ctex is not mapped to the same path: res://.godot/imported/Character_14.png-a8c99ffe9c08bf3680bacc3d99b863fb.s3tc.ctex (uid://du3y4la3b5iy1)
   at: GLBExporterInstance::_load_deps (modules\gdsdecomp\exporters\scene_exporter.cpp:1030)
WARNING: Dependency res://assets/props/Characters_psx/textures/Character_15.png:res://.godot/imported/Character_15.png-cad4399dea7585c59feb57dbc59992bb.s3tc.ctex is not mapped to the same path: res://.godot/imported/Character_15.png-cad4399dea7585c59feb57dbc59992bb.s3tc.ctex (uid://bbqdvqkl2bmd2)
   at: GLBExporterInstance::_load_deps (modules\gdsdecomp\exporters\scene_exporter.cpp:1030)
WARNING: Dependency res://assets/props/Characters_psx/textures/Character_16.png:res://.godot/imported/Character_16.png-9f641fb3451730595ba71457cd989aa5.s3tc.ctex is not mapped to the same path: res://.godot/imported/Character_16.png-9f641fb3451730595ba71457cd989aa5.s3tc.ctex (uid://cm7uxnbm4kpnv)
   at: GLBExporterInstance::_load_deps (modules\gdsdecomp\exporters\scene_exporter.cpp:1030)
WARNING: Dependency res://assets/props/Characters_psx/textures/Character_17_Police.png:res://.godot/imported/Character_17_Police.png-210fa8e1a6b415c15afd0f8b9e38f6df.s3tc.ctex is not mapped to the same path: res://.godot/imported/Character_17_Police.png-210fa8e1a6b415c15afd0f8b9e38f6df.s3tc.ctex (uid://dwwvjfi4vboxw)
   at: GLBExporterInstance::_load_deps (modules\gdsdecomp\exporters\scene_exporter.cpp:1030)
WARNING: Dependency res://assets/props/Characters_psx/textures/Character_18_Police.png:res://.godot/imported/Character_18_Police.png-067048fb69cb44dbe7e9eba548def4e2.s3tc.ctex is not mapped to the same path: res://.godot/imported/Character_18_Police.png-067048fb69cb44dbe7e9eba548def4e2.s3tc.ctex (uid://bghd1lmd6dd0n)
   at: GLBExporterInstance::_load_deps (modules\gdsdecomp\exporters\scene_exporter.cpp:1030)
WARNING: Dependency res://assets/props/Characters_psx/textures/Character_19_Police.png:res://.godot/imported/Character_19_Police.png-842f403875c5fe4018c593d9cb6a879d.s3tc.ctex is not mapped to the same path: res://.godot/imported/Character_19_Police.png-842f403875c5fe4018c593d9cb6a879d.s3tc.ctex (uid://bhpqiqequq3dt)
   at: GLBExporterInstance::_load_deps (modules\gdsdecomp\exporters\scene_exporter.cpp:1030)
WARNING: Dependency res://assets/props/Characters_psx/textures/Character_20_Police.png:res://.godot/imported/Character_20_Police.png-cc20470d860230bc0c3fe5867b9161c9.s3tc.ctex is not mapped to the same path: res://.godot/imported/Character_20_Police.png-cc20470d860230bc0c3fe5867b9161c9.s3tc.ctex (uid://tnhrl0kuanlw)
   at: GLBExporterInstance::_load_deps (modules\gdsdecomp\exporters\scene_exporter.cpp:1030)
WARNING: Dependency res://assets/props/Characters_psx/textures/Character_21_Police.png:res://.godot/imported/Character_21_Police.png-d42e19b063d5206053316d4ed3ee1fd2.s3tc.ctex is not mapped to the same path: res://.godot/imported/Character_21_Police.png-d42e19b063d5206053316d4ed3ee1fd2.s3tc.ctex (uid://bmd8kapxxkscy)
   at: GLBExporterInstance::_load_deps (modules\gdsdecomp\exporters\scene_exporter.cpp:1030)
WARNING: Dependency res://assets/props/Characters_psx/textures/Character_22_Police.png:res://.godot/imported/Character_22_Police.png-d3acf0019f5aa8498c88841c1d94c70e.s3tc.ctex is not mapped to the same path: res://.godot/imported/Character_22_Police.png-d3acf0019f5aa8498c88841c1d94c70e.s3tc.ctex (uid://cdkxaee7ooq7r)
   at: GLBExporterInstance::_load_deps (modules\gdsdecomp\exporters\scene_exporter.cpp:1030)
WARNING: Dependency res://assets/props/Characters_psx/textures/Character_23_Firefighter.png:res://.godot/imported/Character_23_Firefighter.png-fea2791e593847a834a377a601b204ba.s3tc.ctex is not mapped to the same path: res://.godot/imported/Character_23_Firefighter.png-fea2791e593847a834a377a601b204ba.s3tc.ctex (uid://bq0br6xyyo581)
   at: GLBExporterInstance::_load_deps (modules\gdsdecomp\exporters\scene_exporter.cpp:1030)
WARNING: Dependency res://assets/props/Characters_psx/textures/Character_24_Firefighter.png:res://.godot/imported/Character_24_Firefighter.png-fc691168d1d22feb7d7ec47de1a87b21.s3tc.ctex is not mapped to the same path: res://.godot/imported/Character_24_Firefighter.png-fc691168d1d22feb7d7ec47de1a87b21.s3tc.ctex (uid://c2o8pl5b675xo)
   at: GLBExporterInstance::_load_deps (modules\gdsdecomp\exporters\scene_exporter.cpp:1030)
WARNING: Dependency res://assets/props/Characters_psx/textures/Character_25_Doctor.png:res://.godot/imported/Character_25_Doctor.png-b00f10fb6d6834ce6b615aa3d6c07d43.s3tc.ctex is not mapped to the same path: res://.godot/imported/Character_25_Doctor.png-b00f10fb6d6834ce6b615aa3d6c07d43.s3tc.ctex (uid://bojl8tprlwtr2)
   at: GLBExporterInstance::_load_deps (modules\gdsdecomp\exporters\scene_exporter.cpp:1030)
WARNING: Dependency res://assets/props/Characters_psx/textures/Character_26_Doctor.png:res://.godot/imported/Character_26_Doctor.png-4b78a4246f2bd47d53273e0604da0a8f.s3tc.ctex is not mapped to the same path: res://.godot/imported/Character_26_Doctor.png-4b78a4246f2bd47d53273e0604da0a8f.s3tc.ctex (uid://bk7lh0jhydhx1)
   at: GLBExporterInstance::_load_deps (modules\gdsdecomp\exporters\scene_exporter.cpp:1030)
WARNING: Dependency res://assets/props/Characters_psx/textures/Character_27_HM.png:res://.godot/imported/Character_27_HM.png-1aff2c8691e940e34a2501805137797d.s3tc.ctex is not mapped to the same path: res://.godot/imported/Character_27_HM.png-1aff2c8691e940e34a2501805137797d.s3tc.ctex (uid://d4an4kwls5eeq)
   at: GLBExporterInstance::_load_deps (modules\gdsdecomp\exporters\scene_exporter.cpp:1030)
WARNING: Dependency res://assets/props/Characters_psx/textures/Character_28_HM.png:res://.godot/imported/Character_28_HM.png-f62b4db9b9ebdc106c2057e09acab627.s3tc.ctex is not mapped to the same path: res://.godot/imported/Character_28_HM.png-f62b4db9b9ebdc106c2057e09acab627.s3tc.ctex (uid://qfndmh66xb2x)
   at: GLBExporterInstance::_load_deps (modules\gdsdecomp\exporters\scene_exporter.cpp:1030)
WARNING: Dependency res://assets/props/Characters_psx/textures/Character_29.png:res://.godot/imported/Character_29.png-d13167a660acb16668feb214caf53bb9.s3tc.ctex is not mapped to the same path: res://.godot/imported/Character_29.png-d13167a660acb16668feb214caf53bb9.s3tc.ctex (uid://0v2d6ddniee0)
   at: GLBExporterInstance::_load_deps (modules\gdsdecomp\exporters\scene_exporter.cpp:1030)
WARNING: Dependency res://assets/props/Characters_psx/textures/Character_30.png:res://.godot/imported/Character_30.png-da75bb6822d3bb51120d805831bfb45e.s3tc.ctex is not mapped to the same path: res://.godot/imported/Character_30.png-da75bb6822d3bb51120d805831bfb45e.s3tc.ctex (uid://de3hif6gunf4k)
   at: GLBExporterInstance::_load_deps (modules\gdsdecomp\exporters\scene_exporter.cpp:1030)
WARNING: Dependency res://assets/props/Characters_psx/textures/Character_31.png:res://.godot/imported/Character_31.png-4567dead7eb6289cd81856811d350189.s3tc.ctex is not mapped to the same path: res://.godot/imported/Character_31.png-4567dead7eb6289cd81856811d350189.s3tc.ctex (uid://dgyh4ulm4q4p8)
   at: GLBExporterInstance::_load_deps (modules\gdsdecomp\exporters\scene_exporter.cpp:1030)
WARNING: Dependency res://assets/props/Characters_psx/textures/Character_32.png:res://.godot/imported/Character_32.png-1214f0fe7dca33326e2e89db206d875a.s3tc.ctex is not mapped to the same path: res://.godot/imported/Character_32.png-1214f0fe7dca33326e2e89db206d875a.s3tc.ctex (uid://5m1jwshyndcg)
   at: GLBExporterInstance::_load_deps (modules\gdsdecomp\exporters\scene_exporter.cpp:1030)
WARNING: Dependency res://assets/props/Objects_Interior(Village)_Demo/textures/Wood.jpg:res://.godot/imported/Wood.jpg-2de8024ad2924731055fad0fcae67f5c.s3tc.ctex is not mapped to the same path: res://.godot/imported/Wood.jpg-2de8024ad2924731055fad0fcae67f5c.s3tc.ctex (uid://bkegamf8jq54f)
   at: GLBExporterInstance::_load_deps (modules\gdsdecomp\exporters\scene_exporter.cpp:1030)
WARNING: Dependency res://assets/props/Objects_Interior(Village)_Demo/textures/Wood_01.jpg:res://.godot/imported/Wood_01.jpg-60aefa6a04c6394f8699ab67856a1d7c.s3tc.ctex is not mapped to the same path: res://.godot/imported/Wood_01.jpg-60aefa6a04c6394f8699ab67856a1d7c.s3tc.ctex (uid://dlpoucqwqbjws)
   at: GLBExporterInstance::_load_deps (modules\gdsdecomp\exporters\scene_exporter.cpp:1030)
WARNING: Dependency res://assets/props/Objects_Interior(Village)_Demo/textures/WallpaperForties.jpg:res://.godot/imported/WallpaperForties.jpg-13952dffc324e00fe504a9b77ca5dae7.s3tc.ctex is not mapped to the same path: res://.godot/imported/WallpaperForties.jpg-13952dffc324e00fe504a9b77ca5dae7.s3tc.ctex (uid://bitkkiufkpbl2)
   at: GLBExporterInstance::_load_deps (modules\gdsdecomp\exporters\scene_exporter.cpp:1030)
WARNING: Dependency res://assets/props/Objects_Interior(Village)_Demo/textures/Tiles.jpg:res://.godot/imported/Tiles.jpg-7efb27d800cdf0def06186ab4fb545f7.s3tc.ctex is not mapped to the same path: res://.godot/imported/Tiles.jpg-7efb27d800cdf0def06186ab4fb545f7.s3tc.ctex (uid://mymfkhv3m4xg)
   at: GLBExporterInstance::_load_deps (modules\gdsdecomp\exporters\scene_exporter.cpp:1030)
WARNING: Dependency res://assets/props/Objects_Interior(Village)_Demo/textures/Concrete.jpg:res://.godot/imported/Concrete.jpg-e5c02a7c7a0686b1559ba2b98e7df2c9.s3tc.ctex is not mapped to the same path: res://.godot/imported/Concrete.jpg-e5c02a7c7a0686b1559ba2b98e7df2c9.s3tc.ctex (uid://bwhc8s05oopo2)
   at: GLBExporterInstance::_load_deps (modules\gdsdecomp\exporters\scene_exporter.cpp:1030)
WARNING: Dependency res://assets/props/Objects_Interior(Village)_Demo/textures/Tiles_01.png:res://.godot/imported/Tiles_01.png-220600d7ec0d7bf67482892e560e3d85.s3tc.ctex is not mapped to the same path: res://.godot/imported/Tiles_01.png-220600d7ec0d7bf67482892e560e3d85.s3tc.ctex (uid://bkkeypm1occii)
   at: GLBExporterInstance::_load_deps (modules\gdsdecomp\exporters\scene_exporter.cpp:1030)
WARNING: Dependency res://assets/props/Objects_Interior(Village)_Demo/textures/Wood_02.jpg:res://.godot/imported/Wood_02.jpg-4c6b405abf885633da446e876596cb5d.s3tc.ctex is not mapped to the same path: res://.godot/imported/Wood_02.jpg-4c6b405abf885633da446e876596cb5d.s3tc.ctex (uid://dnfb32hgs7w1x)
   at: GLBExporterInstance::_load_deps (modules\gdsdecomp\exporters\scene_exporter.cpp:1030)
WARNING: Dependency res://assets/props/Objects_Interior(Village)_Demo/textures/Rooftiles.png:res://.godot/imported/Rooftiles.png-abd17fd0f79354b80fc4ee378588d4a0.s3tc.ctex is not mapped to the same path: res://.godot/imported/Rooftiles.png-abd17fd0f79354b80fc4ee378588d4a0.s3tc.ctex (uid://bcltnrfop5p8q)
   at: GLBExporterInstance::_load_deps (modules\gdsdecomp\exporters\scene_exporter.cpp:1030)
WARNING: Dependency res://assets/props/Objects_Interior(Village)_Demo/textures/Concrete_01.png:res://.godot/imported/Concrete_01.png-a13bf596a622fc3b7a4e6f7429c0b64f.s3tc.ctex is not mapped to the same path: res://.godot/imported/Concrete_01.png-a13bf596a622fc3b7a4e6f7429c0b64f.s3tc.ctex (uid://d0jvhll5crxdy)
   at: GLBExporterInstance::_load_deps (modules\gdsdecomp\exporters\scene_exporter.cpp:1030)
WARNING: Dependency res://assets/props/Objects_Interior(Village)_Demo/textures/RooftilesSlate.jpg:res://.godot/imported/RooftilesSlate.jpg-937d555efd60ebb79e8d5efc73db2d89.s3tc.ctex is not mapped to the same path: res://.godot/imported/RooftilesSlate.jpg-937d555efd60ebb79e8d5efc73db2d89.s3tc.ctex (uid://7lgwke41jw4j)
   at: GLBExporterInstance::_load_deps (modules\gdsdecomp\exporters\scene_exporter.cpp:1030)
WARNING: Dependency res://assets/props/Objects_Interior(Village)_Demo/textures/Wood_03.jpg:res://.godot/imported/Wood_03.jpg-39e4b7b4d6ac4de40ddf498225d32729.s3tc.ctex is not mapped to the same path: res://.godot/imported/Wood_03.jpg-39e4b7b4d6ac4de40ddf498225d32729.s3tc.ctex (uid://b1qxer5hck6my)
   at: GLBExporterInstance::_load_deps (modules\gdsdecomp\exporters\scene_exporter.cpp:1030)
WARNING: Dependency res://assets/props/Objects_Interior(Village)_Demo/textures/Cupboard.png:res://.godot/imported/Cupboard.png-d0087b864b38038b75987d39e8078064.s3tc.ctex is not mapped to the same path: res://.godot/imported/Cupboard.png-d0087b864b38038b75987d39e8078064.s3tc.ctex (uid://1bgha3tnf8w7)
   at: GLBExporterInstance::_load_deps (modules\gdsdecomp\exporters\scene_exporter.cpp:1030)
WARNING: Dependency res://assets/props/Objects_Interior(Village)_Demo/textures/Marble.jpg:res://.godot/imported/Marble.jpg-5dc94cafe8e8f0aea1f9f126ef058b64.s3tc.ctex is not mapped to the same path: res://.godot/imported/Marble.jpg-5dc94cafe8e8f0aea1f9f126ef058b64.s3tc.ctex (uid://cu5h6n0e0yohp)
   at: GLBExporterInstance::_load_deps (modules\gdsdecomp\exporters\scene_exporter.cpp:1030)
WARNING: Dependency res://assets/props/Objects_Interior(Village)_Demo/textures/Metal.jpg:res://.godot/imported/Metal.jpg-3d5f6eceb873a1387fccc092ebdcfb1c.s3tc.ctex is not mapped to the same path: res://.godot/imported/Metal.jpg-3d5f6eceb873a1387fccc092ebdcfb1c.s3tc.ctex (uid://d0f46od2ogupj)
   at: GLBExporterInstance::_load_deps (modules\gdsdecomp\exporters\scene_exporter.cpp:1030)
WARNING: Dependency res://assets/props/Objects_Interior(Village)_Demo/textures/Stove.jpg:res://.godot/imported/Stove.jpg-ff56a35e2d6380835c0b09f050d8e139.s3tc.ctex is not mapped to the same path: res://.godot/imported/Stove.jpg-ff56a35e2d6380835c0b09f050d8e139.s3tc.ctex (uid://1rvbtvs47csj)
   at: GLBExporterInstance::_load_deps (modules\gdsdecomp\exporters\scene_exporter.cpp:1030)
WARNING: Dependency res://assets/props/Objects_Interior(Village)_Demo/textures/Cupboard_01.png:res://.godot/imported/Cupboard_01.png-28cfa236a7021577929b35359f1080ca.s3tc.ctex is not mapped to the same path: res://.godot/imported/Cupboard_01.png-28cfa236a7021577929b35359f1080ca.s3tc.ctex (uid://484vcrsl3yq8)
   at: GLBExporterInstance::_load_deps (modules\gdsdecomp\exporters\scene_exporter.cpp:1030)
WARNING: Dependency res://assets/props/Objects_Interior(Village)_Demo/textures/Wood_04.jpg:res://.godot/imported/Wood_04.jpg-df4cc0744b3234610aff1efd9f5b631a.s3tc.ctex is not mapped to the same path: res://.godot/imported/Wood_04.jpg-df4cc0744b3234610aff1efd9f5b631a.s3tc.ctex (uid://co1gd0ibm06co)
   at: GLBExporterInstance::_load_deps (modules\gdsdecomp\exporters\scene_exporter.cpp:1030)
WARNING: Dependency res://assets/props/Objects_Interior(Village)_Demo/textures/Wood_05.jpg:res://.godot/imported/Wood_05.jpg-e0c32c4d9f624fc8047e4931e31dc131.s3tc.ctex is not mapped to the same path: res://.godot/imported/Wood_05.jpg-e0c32c4d9f624fc8047e4931e31dc131.s3tc.ctex (uid://mgn1o4h06rov)
   at: GLBExporterInstance::_load_deps (modules\gdsdecomp\exporters\scene_exporter.cpp:1030)
WARNING: Dependency res://assets/props/Objects_Interior(Village)_Demo/textures/Fabric.jpg:res://.godot/imported/Fabric.jpg-5de2776d3c8aa6cc2c4037b9c5fa6de4.s3tc.ctex is not mapped to the same path: res://.godot/imported/Fabric.jpg-5de2776d3c8aa6cc2c4037b9c5fa6de4.s3tc.ctex (uid://cegvy6nhuy5cg)
   at: GLBExporterInstance::_load_deps (modules\gdsdecomp\exporters\scene_exporter.cpp:1030)
WARNING: Dependency res://assets/props/Objects_Interior(Village)_Demo/textures/Door.jpg:res://.godot/imported/Door.jpg-a9481960d3e91d3a514271164d32f4ce.s3tc.ctex is not mapped to the same path: res://.godot/imported/Door.jpg-a9481960d3e91d3a514271164d32f4ce.s3tc.ctex (uid://r1dm6b2rjs60)
   at: GLBExporterInstance::_load_deps (modules\gdsdecomp\exporters\scene_exporter.cpp:1030)
WARNING: Dependency res://assets/props/Objects_Interior(Village)_Demo/textures/bed.png:res://.godot/imported/bed.png-7530ba7e0d97fcb2eae436dbe29df65f.s3tc.ctex is not mapped to the same path: res://.godot/imported/bed.png-7530ba7e0d97fcb2eae436dbe29df65f.s3tc.ctex (uid://385wbt0pq0en)
   at: GLBExporterInstance::_load_deps (modules\gdsdecomp\exporters\scene_exporter.cpp:1030)
WARNING: Dependency res://assets/props/Objects_Interior(Village)_Demo/textures/Chest_drawers.png:res://.godot/imported/Chest_drawers.png-62ddb54f260d84cd16e1b3a60beed0bf.s3tc.ctex is not mapped to the same path: res://.godot/imported/Chest_drawers.png-62ddb54f260d84cd16e1b3a60beed0bf.s3tc.ctex (uid://nn2dai85lhcy)
   at: GLBExporterInstance::_load_deps (modules\gdsdecomp\exporters\scene_exporter.cpp:1030)
WARNING: Dependency res://assets/props/Objects_Interior(Village)_Demo/textures/Lamp.png:res://.godot/imported/Lamp.png-29417392b953b038c6e26aa9b11526b6.s3tc.ctex is not mapped to the same path: res://.godot/imported/Lamp.png-29417392b953b038c6e26aa9b11526b6.s3tc.ctex (uid://ddgjvd05wymhn)
   at: GLBExporterInstance::_load_deps (modules\gdsdecomp\exporters\scene_exporter.cpp:1030)
WARNING: Dependency res://assets/props/Objects_Interior(Village)_Demo/textures/Lamp_Emissor.png:res://.godot/imported/Lamp_Emissor.png-e006983caf40f4595e749b000ed75a57.s3tc.ctex is not mapped to the same path: res://.godot/imported/Lamp_Emissor.png-e006983caf40f4595e749b000ed75a57.s3tc.ctex (uid://1racwcx18jww)
   at: GLBExporterInstance::_load_deps (modules\gdsdecomp\exporters\scene_exporter.cpp:1030)
WARNING: Dependency res://assets/props/Objects_Interior(Village)_Demo/textures/Refrigerator.png:res://.godot/imported/Refrigerator.png-6aeafe0bac1d95a65be1b3bd7591b880.s3tc.ctex is not mapped to the same path: res://.godot/imported/Refrigerator.png-6aeafe0bac1d95a65be1b3bd7591b880.s3tc.ctex (uid://bhcxkly3ytdds)
   at: GLBExporterInstance::_load_deps (modules\gdsdecomp\exporters\scene_exporter.cpp:1030)
WARNING: Dependency res://assets/props/Objects_Interior(Village)_Demo/textures/Phone.png:res://.godot/imported/Phone.png-d87f9d5db1b92573d624c42db0ff144f.s3tc.ctex is not mapped to the same path: res://.godot/imported/Phone.png-d87f9d5db1b92573d624c42db0ff144f.s3tc.ctex (uid://cit0xmdb6rlnc)
   at: GLBExporterInstance::_load_deps (modules\gdsdecomp\exporters\scene_exporter.cpp:1030)
WARNING: Dependency res://assets/props/Objects_Interior(Village)_Demo/textures/Phone_01.png:res://.godot/imported/Phone_01.png-077a1cc44f565703c8df8f468065a551.s3tc.ctex is not mapped to the same path: res://.godot/imported/Phone_01.png-077a1cc44f565703c8df8f468065a551.s3tc.ctex (uid://bses3ansegmoi)
   at: GLBExporterInstance::_load_deps (modules\gdsdecomp\exporters\scene_exporter.cpp:1030)
WARNING: Dependency res://assets/props/Objects_Interior(Village)_Demo/textures/Radio.png:res://.godot/imported/Radio.png-c326c7eb822a9e5fcd751e195bac684d.s3tc.ctex is not mapped to the same path: res://.godot/imported/Radio.png-c326c7eb822a9e5fcd751e195bac684d.s3tc.ctex (uid://bio5se6h73h1s)
   at: GLBExporterInstance::_load_deps (modules\gdsdecomp\exporters\scene_exporter.cpp:1030)
WARNING: Dependency res://assets/props/Objects_Interior(Village)_Demo/textures/Radio_01.png:res://.godot/imported/Radio_01.png-6a33034b7621ab3fade3d6de0d59bb87.s3tc.ctex is not mapped to the same path: res://.godot/imported/Radio_01.png-6a33034b7621ab3fade3d6de0d59bb87.s3tc.ctex (uid://3pwot48ncvt2)
   at: GLBExporterInstance::_load_deps (modules\gdsdecomp\exporters\scene_exporter.cpp:1030)
WARNING: Dependency res://assets/props/Objects_Interior(Village)_Demo/textures/Radio_02.png:res://.godot/imported/Radio_02.png-b8267b75eba8a4247b34ab7ee9769802.s3tc.ctex is not mapped to the same path: res://.godot/imported/Radio_02.png-b8267b75eba8a4247b34ab7ee9769802.s3tc.ctex (uid://cdxsahss6ipqg)
   at: GLBExporterInstance::_load_deps (modules\gdsdecomp\exporters\scene_exporter.cpp:1030)
WARNING: Dependency res://assets/props/Objects_Interior(Village)_Demo/textures/Desk_lamp.png:res://.godot/imported/Desk_lamp.png-a76eecd669d8fccd671be43daf5aedd5.s3tc.ctex is not mapped to the same path: res://.godot/imported/Desk_lamp.png-a76eecd669d8fccd671be43daf5aedd5.s3tc.ctex (uid://ccor64xkbocxl)
   at: GLBExporterInstance::_load_deps (modules\gdsdecomp\exporters\scene_exporter.cpp:1030)
WARNING: Dependency res://assets/props/Objects_Interior(Village)_Demo/textures/Desk_lamp_01.png:res://.godot/imported/Desk_lamp_01.png-5eef338ee3db8bbd147b66ec073f6e27.s3tc.ctex is not mapped to the same path: res://.godot/imported/Desk_lamp_01.png-5eef338ee3db8bbd147b66ec073f6e27.s3tc.ctex (uid://bwq02cfq6de66)
   at: GLBExporterInstance::_load_deps (modules\gdsdecomp\exporters\scene_exporter.cpp:1030)
WARNING: Dependency res://assets/props/Objects_Interior(Village)_Demo/textures/Alarm_clock.png:res://.godot/imported/Alarm_clock.png-b88476341f77d14a15be6f5d6e36157e.s3tc.ctex is not mapped to the same path: res://.godot/imported/Alarm_clock.png-b88476341f77d14a15be6f5d6e36157e.s3tc.ctex (uid://b5ceoggf8uwdi)
   at: GLBExporterInstance::_load_deps (modules\gdsdecomp\exporters\scene_exporter.cpp:1030)
WARNING: Dependency res://assets/props/Objects_Interior(Village)_Demo/textures/Alarm_clock_01.png:res://.godot/imported/Alarm_clock_01.png-6cee1ebc98352bb2d8978e8e1a97759d.s3tc.ctex is not mapped to the same path: res://.godot/imported/Alarm_clock_01.png-6cee1ebc98352bb2d8978e8e1a97759d.s3tc.ctex (uid://bs3q13vmtoq6f)
   at: GLBExporterInstance::_load_deps (modules\gdsdecomp\exporters\scene_exporter.cpp:1030)
WARNING: Dependency res://assets/props/Objects_Interior(Village)_Demo/textures/Books.png:res://.godot/imported/Books.png-57ddd4036b12861c5b90c3e1adee707d.s3tc.ctex is not mapped to the same path: res://.godot/imported/Books.png-57ddd4036b12861c5b90c3e1adee707d.s3tc.ctex (uid://dddt3x40435xl)
   at: GLBExporterInstance::_load_deps (modules\gdsdecomp\exporters\scene_exporter.cpp:1030)
WARNING: Dependency res://assets/props/Objects_Interior(Village)_Demo/textures/bed_01.png:res://.godot/imported/bed_01.png-8742ba5c2181a7201679c62bea44e48a.s3tc.ctex is not mapped to the same path: res://.godot/imported/bed_01.png-8742ba5c2181a7201679c62bea44e48a.s3tc.ctex (uid://8nn3x4h3l7ff)
   at: GLBExporterInstance::_load_deps (modules\gdsdecomp\exporters\scene_exporter.cpp:1030)
WARNING: Dependency res://assets/props/Objects_Interior(Village)_Demo/textures/bed_02.png:res://.godot/imported/bed_02.png-cf7430c88dc260a6bb25aa372809fb62.s3tc.ctex is not mapped to the same path: res://.godot/imported/bed_02.png-cf7430c88dc260a6bb25aa372809fb62.s3tc.ctex (uid://bxe3iwcdfuj8t)
   at: GLBExporterInstance::_load_deps (modules\gdsdecomp\exporters\scene_exporter.cpp:1030)
WARNING: Dependency res://assets/props/Objects_Interior(Village)_Demo/textures/bed_03.png:res://.godot/imported/bed_03.png-1213a8e20b1ddb66802492ef125f5a8f.s3tc.ctex is not mapped to the same path: res://.godot/imported/bed_03.png-1213a8e20b1ddb66802492ef125f5a8f.s3tc.ctex (uid://bypggcyribpxw)
   at: GLBExporterInstance::_load_deps (modules\gdsdecomp\exporters\scene_exporter.cpp:1030)
WARNING: Dependency res://assets/props/Objects_Interior(Village)_Demo/textures/bed_04.png:res://.godot/imported/bed_04.png-8d6914d74117a2b4fb8e9ded18bb94bd.s3tc.ctex is not mapped to the same path: res://.godot/imported/bed_04.png-8d6914d74117a2b4fb8e9ded18bb94bd.s3tc.ctex (uid://b7ehxwiasyq5c)
   at: GLBExporterInstance::_load_deps (modules\gdsdecomp\exporters\scene_exporter.cpp:1030)
WARNING: Dependency res://assets/props/Objects_Interior(Village)_Demo/textures/Chest_drawers_01.png:res://.godot/imported/Chest_drawers_01.png-2a1778808c3999c7487138e2f93e7643.s3tc.ctex is not mapped to the same path: res://.godot/imported/Chest_drawers_01.png-2a1778808c3999c7487138e2f93e7643.s3tc.ctex (uid://q2dtfgpq7h5r)
   at: GLBExporterInstance::_load_deps (modules\gdsdecomp\exporters\scene_exporter.cpp:1030)
WARNING: Dependency res://assets/props/Objects_Interior(Village)_Demo/textures/Chest_drawers_02.png:res://.godot/imported/Chest_drawers_02.png-ac6757be3b62025b6876f649a80584c8.s3tc.ctex is not mapped to the same path: res://.godot/imported/Chest_drawers_02.png-ac6757be3b62025b6876f649a80584c8.s3tc.ctex (uid://bvsxfwdwenmu2)
   at: GLBExporterInstance::_load_deps (modules\gdsdecomp\exporters\scene_exporter.cpp:1030)
WARNING: Dependency res://assets/props/Objects_Interior(Village)_Demo/textures/Chest_drawers_03.png:res://.godot/imported/Chest_drawers_03.png-250e681301f66f39d091fca6f5b2465e.s3tc.ctex is not mapped to the same path: res://.godot/imported/Chest_drawers_03.png-250e681301f66f39d091fca6f5b2465e.s3tc.ctex (uid://du181s80e233h)
   at: GLBExporterInstance::_load_deps (modules\gdsdecomp\exporters\scene_exporter.cpp:1030)
WARNING: Dependency res://assets/props/Objects_Interior(Village)_Demo/textures/Chest_drawers_04.png:res://.godot/imported/Chest_drawers_04.png-66cae1a67ec0d5e41ce1cdf89e10e70b.s3tc.ctex is not mapped to the same path: res://.godot/imported/Chest_drawers_04.png-66cae1a67ec0d5e41ce1cdf89e10e70b.s3tc.ctex (uid://brls2up77xwpi)
   at: GLBExporterInstance::_load_deps (modules\gdsdecomp\exporters\scene_exporter.cpp:1030)
WARNING: Dependency res://assets/props/Objects_Interior(Village)_Demo/textures/Chest_drawers_05.png:res://.godot/imported/Chest_drawers_05.png-2593a7e029eb4b54ef911ed73b472fcd.s3tc.ctex is not mapped to the same path: res://.godot/imported/Chest_drawers_05.png-2593a7e029eb4b54ef911ed73b472fcd.s3tc.ctex (uid://di0y6jj45ovsl)
   at: GLBExporterInstance::_load_deps (modules\gdsdecomp\exporters\scene_exporter.cpp:1030)
WARNING: Dependency res://assets/props/Objects_Interior(Village)_Demo/textures/Chest_drawers_06.png:res://.godot/imported/Chest_drawers_06.png-76822199421532da6842b7d36b1ea961.s3tc.ctex is not mapped to the same path: res://.godot/imported/Chest_drawers_06.png-76822199421532da6842b7d36b1ea961.s3tc.ctex (uid://3b6368y6w4hd)
   at: GLBExporterInstance::_load_deps (modules\gdsdecomp\exporters\scene_exporter.cpp:1030)
WARNING: Dependency res://assets/props/Objects_Interior(Village)_Demo/textures/Bookcase.png:res://.godot/imported/Bookcase.png-45150008c350c007d6b4425d003a8af1.s3tc.ctex is not mapped to the same path: res://.godot/imported/Bookcase.png-45150008c350c007d6b4425d003a8af1.s3tc.ctex (uid://dftkbkn72k85k)
   at: GLBExporterInstance::_load_deps (modules\gdsdecomp\exporters\scene_exporter.cpp:1030)
WARNING: Dependency res://assets/props/Objects_Interior(Village)_Demo/textures/Bookcase_01.png:res://.godot/imported/Bookcase_01.png-ea09cc7fd8dbcdfb01539f48d2c670af.s3tc.ctex is not mapped to the same path: res://.godot/imported/Bookcase_01.png-ea09cc7fd8dbcdfb01539f48d2c670af.s3tc.ctex (uid://bfsqtsg51s6di)
   at: GLBExporterInstance::_load_deps (modules\gdsdecomp\exporters\scene_exporter.cpp:1030)
WARNING: Dependency res://assets/props/Objects_Interior(Village)_Demo/textures/Bookcase_02.png:res://.godot/imported/Bookcase_02.png-47c84c02ab75472d6d2d6afcb033c7a0.s3tc.ctex is not mapped to the same path: res://.godot/imported/Bookcase_02.png-47c84c02ab75472d6d2d6afcb033c7a0.s3tc.ctex (uid://tw7yypu8jvxf)
   at: GLBExporterInstance::_load_deps (modules\gdsdecomp\exporters\scene_exporter.cpp:1030)
WARNING: Dependency res://assets/props/Objects_Interior(Village)_Demo/textures/Fitment.png:res://.godot/imported/Fitment.png-09181a00c72d722b68659deb9be4854c.s3tc.ctex is not mapped to the same path: res://.godot/imported/Fitment.png-09181a00c72d722b68659deb9be4854c.s3tc.ctex (uid://c568iarpjmgao)
   at: GLBExporterInstance::_load_deps (modules\gdsdecomp\exporters\scene_exporter.cpp:1030)
WARNING: Dependency res://assets/props/Objects_Interior(Village)_Demo/textures/Fitment_02.png:res://.godot/imported/Fitment_02.png-f2cc4beda2fe6894ec9b6a26ebbd03aa.s3tc.ctex is not mapped to the same path: res://.godot/imported/Fitment_02.png-f2cc4beda2fe6894ec9b6a26ebbd03aa.s3tc.ctex (uid://c7fc6o1clsonq)
   at: GLBExporterInstance::_load_deps (modules\gdsdecomp\exporters\scene_exporter.cpp:1030)
WARNING: Dependency res://assets/props/Objects_Interior(Village)_Demo/textures/Lamp_01.png:res://.godot/imported/Lamp_01.png-aebde56b4d18798ea69f30213f30668d.s3tc.ctex is not mapped to the same path: res://.godot/imported/Lamp_01.png-aebde56b4d18798ea69f30213f30668d.s3tc.ctex (uid://cqdv1r3xtiliq)
   at: GLBExporterInstance::_load_deps (modules\gdsdecomp\exporters\scene_exporter.cpp:1030)
WARNING: Dependency res://assets/props/Objects_Interior(Village)_Demo/textures/Lamp_02.png:res://.godot/imported/Lamp_02.png-44ec868acb7e5ab1b5d1fbfe7dbad9ca.s3tc.ctex is not mapped to the same path: res://.godot/imported/Lamp_02.png-44ec868acb7e5ab1b5d1fbfe7dbad9ca.s3tc.ctex (uid://coejn5b7stltm)
   at: GLBExporterInstance::_load_deps (modules\gdsdecomp\exporters\scene_exporter.cpp:1030)
WARNING: Dependency res://assets/props/Objects_Interior(Village)_Demo/textures/Lamp_03.png:res://.godot/imported/Lamp_03.png-dfe183ef9d6a0cc4b383e7d707702fcd.s3tc.ctex is not mapped to the same path: res://.godot/imported/Lamp_03.png-dfe183ef9d6a0cc4b383e7d707702fcd.s3tc.ctex (uid://by68kdatl5fq1)
   at: GLBExporterInstance::_load_deps (modules\gdsdecomp\exporters\scene_exporter.cpp:1030)
WARNING: Dependency res://assets/props/Objects_Interior(Village)_Demo/textures/Ventilator_01.png:res://.godot/imported/Ventilator_01.png-af1f258c483f0fa52a01ce5a193006be.s3tc.ctex is not mapped to the same path: res://.godot/imported/Ventilator_01.png-af1f258c483f0fa52a01ce5a193006be.s3tc.ctex (uid://cb2o8nfymvjlc)
   at: GLBExporterInstance::_load_deps (modules\gdsdecomp\exporters\scene_exporter.cpp:1030)
WARNING: Dependency res://assets/props/Objects_Interior(Village)_Demo/textures/Ventilator.png:res://.godot/imported/Ventilator.png-a93c4b4b40804a89be73e54d4fa9ee66.s3tc.ctex is not mapped to the same path: res://.godot/imported/Ventilator.png-a93c4b4b40804a89be73e54d4fa9ee66.s3tc.ctex (uid://b3m5h4nwbb76n)
   at: GLBExporterInstance::_load_deps (modules\gdsdecomp\exporters\scene_exporter.cpp:1030)
WARNING: Dependency res://assets/props/Objects_Interior(Village)_Demo/textures/Armchair.png:res://.godot/imported/Armchair.png-5019fdc3403a737f2888d6b0550e0891.s3tc.ctex is not mapped to the same path: res://.godot/imported/Armchair.png-5019fdc3403a737f2888d6b0550e0891.s3tc.ctex (uid://wqjajyea4njg)
   at: GLBExporterInstance::_load_deps (modules\gdsdecomp\exporters\scene_exporter.cpp:1030)
WARNING: Dependency res://assets/props/Objects_Interior(Village)_Demo/textures/Armchair_01.png:res://.godot/imported/Armchair_01.png-5440ef5d97432a1c6c937f35a20523af.s3tc.ctex is not mapped to the same path: res://.godot/imported/Armchair_01.png-5440ef5d97432a1c6c937f35a20523af.s3tc.ctex (uid://d33y2wyvdha4h)
   at: GLBExporterInstance::_load_deps (modules\gdsdecomp\exporters\scene_exporter.cpp:1030)
WARNING: Dependency res://assets/props/Objects_Interior(Village)_Demo/textures/Armchair_02.png:res://.godot/imported/Armchair_02.png-7ef79b6bff963888109e7682e4d9b3b9.s3tc.ctex is not mapped to the same path: res://.godot/imported/Armchair_02.png-7ef79b6bff963888109e7682e4d9b3b9.s3tc.ctex (uid://ct8i8bhdy6kh5)
   at: GLBExporterInstance::_load_deps (modules\gdsdecomp\exporters\scene_exporter.cpp:1030)
WARNING: Dependency res://assets/props/Objects_Interior(Village)_Demo/textures/Armchair_03.png:res://.godot/imported/Armchair_03.png-91f5938d5874d96fcdaa109cf69bbbc1.s3tc.ctex is not mapped to the same path: res://.godot/imported/Armchair_03.png-91f5938d5874d96fcdaa109cf69bbbc1.s3tc.ctex (uid://b4wjyb3tter53)
   at: GLBExporterInstance::_load_deps (modules\gdsdecomp\exporters\scene_exporter.cpp:1030)
WARNING: Dependency res://assets/props/Objects_Interior(Village)_Demo/textures/Armchair_04.png:res://.godot/imported/Armchair_04.png-e5000ab258fb084f1b6e5c25c2a60cd2.s3tc.ctex is not mapped to the same path: res://.godot/imported/Armchair_04.png-e5000ab258fb084f1b6e5c25c2a60cd2.s3tc.ctex (uid://dxuc8w3ibq6bm)
   at: GLBExporterInstance::_load_deps (modules\gdsdecomp\exporters\scene_exporter.cpp:1030)
WARNING: Dependency res://assets/props/Objects_Interior(Village)_Demo/textures/Chair.png:res://.godot/imported/Chair.png-0d2980b5e5765c892fc715b6f1fd504a.s3tc.ctex is not mapped to the same path: res://.godot/imported/Chair.png-0d2980b5e5765c892fc715b6f1fd504a.s3tc.ctex (uid://ce0xs0fikrhq6)
   at: GLBExporterInstance::_load_deps (modules\gdsdecomp\exporters\scene_exporter.cpp:1030)
WARNING: Dependency res://assets/props/Objects_Interior(Village)_Demo/textures/Armchair_05.png:res://.godot/imported/Armchair_05.png-1bffed210f9b429a45887d7d8e75419b.s3tc.ctex is not mapped to the same path: res://.godot/imported/Armchair_05.png-1bffed210f9b429a45887d7d8e75419b.s3tc.ctex (uid://b133qwuudrfuu)
   at: GLBExporterInstance::_load_deps (modules\gdsdecomp\exporters\scene_exporter.cpp:1030)
WARNING: Dependency res://assets/props/Objects_Interior(Village)_Demo/textures/Chair_01.png:res://.godot/imported/Chair_01.png-ccbf848a4bc3654496039fea4f22ed42.s3tc.ctex is not mapped to the same path: res://.godot/imported/Chair_01.png-ccbf848a4bc3654496039fea4f22ed42.s3tc.ctex (uid://7hgt2sl474jw)
   at: GLBExporterInstance::_load_deps (modules\gdsdecomp\exporters\scene_exporter.cpp:1030)
WARNING: Dependency res://assets/props/Objects_Interior(Village)_Demo/textures/Chair_02.png:res://.godot/imported/Chair_02.png-da5c5470e4ebdb49c5be213ba8b7903f.s3tc.ctex is not mapped to the same path: res://.godot/imported/Chair_02.png-da5c5470e4ebdb49c5be213ba8b7903f.s3tc.ctex (uid://n1m33e4fx1jn)
   at: GLBExporterInstance::_load_deps (modules\gdsdecomp\exporters\scene_exporter.cpp:1030)
WARNING: Dependency res://assets/props/Objects_Interior(Village)_Demo/textures/Armchair_06.png:res://.godot/imported/Armchair_06.png-25d6ab72533267d572712b0646b5203f.s3tc.ctex is not mapped to the same path: res://.godot/imported/Armchair_06.png-25d6ab72533267d572712b0646b5203f.s3tc.ctex (uid://d1axuog5caalg)
   at: GLBExporterInstance::_load_deps (modules\gdsdecomp\exporters\scene_exporter.cpp:1030)
WARNING: Dependency res://assets/props/Objects_Interior(Village)_Demo/textures/Armchair_07.png:res://.godot/imported/Armchair_07.png-f9aa67bc3ca21601cb8ce0c3c787b034.s3tc.ctex is not mapped to the same path: res://.godot/imported/Armchair_07.png-f9aa67bc3ca21601cb8ce0c3c787b034.s3tc.ctex (uid://c2c44lumbdfwb)
   at: GLBExporterInstance::_load_deps (modules\gdsdecomp\exporters\scene_exporter.cpp:1030)
WARNING: Dependency res://assets/props/Objects_Interior(Village)_Demo/textures/Armchair_08.png:res://.godot/imported/Armchair_08.png-1f8f8ffccbc657e23f73aab765f8c009.s3tc.ctex is not mapped to the same path: res://.godot/imported/Armchair_08.png-1f8f8ffccbc657e23f73aab765f8c009.s3tc.ctex (uid://carl7xd42ygp4)
   at: GLBExporterInstance::_load_deps (modules\gdsdecomp\exporters\scene_exporter.cpp:1030)
WARNING: Dependency res://assets/props/Objects_Interior(Village)_Demo/textures/Cake.png:res://.godot/imported/Cake.png-0596a40f37966fa6b7979c7efc405964.s3tc.ctex is not mapped to the same path: res://.godot/imported/Cake.png-0596a40f37966fa6b7979c7efc405964.s3tc.ctex (uid://ccn8banljywk4)
   at: GLBExporterInstance::_load_deps (modules\gdsdecomp\exporters\scene_exporter.cpp:1030)
WARNING: Dependency res://assets/props/Objects_Interior(Village)_Demo/textures/Bottle.png:res://.godot/imported/Bottle.png-9c02b5f47de13961b2737512ddf29f0b.s3tc.ctex is not mapped to the same path: res://.godot/imported/Bottle.png-9c02b5f47de13961b2737512ddf29f0b.s3tc.ctex (uid://dsnrfm6f13a12)
   at: GLBExporterInstance::_load_deps (modules\gdsdecomp\exporters\scene_exporter.cpp:1030)
WARNING: Dependency res://assets/props/Objects_Interior(Village)_Demo/textures/Cake_01.png:res://.godot/imported/Cake_01.png-4ca5ed1331be54f55c2ecd2d70aaf98a.s3tc.ctex is not mapped to the same path: res://.godot/imported/Cake_01.png-4ca5ed1331be54f55c2ecd2d70aaf98a.s3tc.ctex (uid://bgt668ibiuvbw)
   at: GLBExporterInstance::_load_deps (modules\gdsdecomp\exporters\scene_exporter.cpp:1030)
WARNING: Dependency res://assets/props/Objects_Interior(Village)_Demo/textures/Meat.png:res://.godot/imported/Meat.png-1b0121664cb04b5c9168e2c26922e662.s3tc.ctex is not mapped to the same path: res://.godot/imported/Meat.png-1b0121664cb04b5c9168e2c26922e662.s3tc.ctex (uid://ccu86vkggool7)
   at: GLBExporterInstance::_load_deps (modules\gdsdecomp\exporters\scene_exporter.cpp:1030)
WARNING: Dependency res://assets/props/Objects_Interior(Village)_Demo/textures/Chicken.png:res://.godot/imported/Chicken.png-83745ad60d6acff5db297fda0e415cfa.s3tc.ctex is not mapped to the same path: res://.godot/imported/Chicken.png-83745ad60d6acff5db297fda0e415cfa.s3tc.ctex (uid://lxia43k1xeq5)
   at: GLBExporterInstance::_load_deps (modules\gdsdecomp\exporters\scene_exporter.cpp:1030)
WARNING: Dependency res://assets/props/Objects_Interior(Village)_Demo/textures/Milk.png:res://.godot/imported/Milk.png-212a2ffb02f381ec6f2a6c443defce81.s3tc.ctex is not mapped to the same path: res://.godot/imported/Milk.png-212a2ffb02f381ec6f2a6c443defce81.s3tc.ctex (uid://bytjugc3uyhyf)
   at: GLBExporterInstance::_load_deps (modules\gdsdecomp\exporters\scene_exporter.cpp:1030)
WARNING: Dependency res://assets/props/Objects_Interior(Village)_Demo/textures/Pizza.png:res://.godot/imported/Pizza.png-d16e459f01a2d5132747f15aae474cb7.s3tc.ctex is not mapped to the same path: res://.godot/imported/Pizza.png-d16e459f01a2d5132747f15aae474cb7.s3tc.ctex (uid://bo7l1aut5icus)
   at: GLBExporterInstance::_load_deps (modules\gdsdecomp\exporters\scene_exporter.cpp:1030)
WARNING: Dependency res://assets/props/Objects_Interior(Village)_Demo/textures/Fried_Foods.png:res://.godot/imported/Fried_Foods.png-e91f7cbec995d7a48bbbd7387e6386ae.s3tc.ctex is not mapped to the same path: res://.godot/imported/Fried_Foods.png-e91f7cbec995d7a48bbbd7387e6386ae.s3tc.ctex (uid://c2bl6ehaat2ej)
   at: GLBExporterInstance::_load_deps (modules\gdsdecomp\exporters\scene_exporter.cpp:1030)
WARNING: Dependency res://assets/props/Objects_Interior(Village)_Demo/textures/Cake_02.png:res://.godot/imported/Cake_02.png-75e3239ab096dc15552aad3d67ae5a56.s3tc.ctex is not mapped to the same path: res://.godot/imported/Cake_02.png-75e3239ab096dc15552aad3d67ae5a56.s3tc.ctex (uid://ckenrry0oucep)
   at: GLBExporterInstance::_load_deps (modules\gdsdecomp\exporters\scene_exporter.cpp:1030)
WARNING: Dependency res://assets/props/Objects_Interior(Village)_Demo/textures/Plate_food.png:res://.godot/imported/Plate_food.png-29eb31aecc0ed566112e61702a06e6fc.s3tc.ctex is not mapped to the same path: res://.godot/imported/Plate_food.png-29eb31aecc0ed566112e61702a06e6fc.s3tc.ctex (uid://ccj2c1q7je8hw)
   at: GLBExporterInstance::_load_deps (modules\gdsdecomp\exporters\scene_exporter.cpp:1030)
WARNING: Dependency res://assets/props/Objects_Interior(Village)_Demo/textures/Plate_food_01.png:res://.godot/imported/Plate_food_01.png-55546b41d12d6263246514b8813e9713.s3tc.ctex is not mapped to the same path: res://.godot/imported/Plate_food_01.png-55546b41d12d6263246514b8813e9713.s3tc.ctex (uid://8j71861pbhry)
   at: GLBExporterInstance::_load_deps (modules\gdsdecomp\exporters\scene_exporter.cpp:1030)
WARNING: Dependency res://assets/props/Objects_Interior(Village)_Demo/textures/Palette.png:res://.godot/imported/Palette.png-c5f83a8d80c598934d5de12627dbaea8.s3tc.ctex is not mapped to the same path: res://.godot/imported/Palette.png-c5f83a8d80c598934d5de12627dbaea8.s3tc.ctex (uid://7p061dfc354o)
   at: GLBExporterInstance::_load_deps (modules\gdsdecomp\exporters\scene_exporter.cpp:1030)
WARNING: Dependency res://assets/props/Objects_Interior(Village)_Demo/textures/Can.png:res://.godot/imported/Can.png-0ac640577244e8b9d222ff5b4258e822.s3tc.ctex is not mapped to the same path: res://.godot/imported/Can.png-0ac640577244e8b9d222ff5b4258e822.s3tc.ctex (uid://dxo7xanugyyh3)
   at: GLBExporterInstance::_load_deps (modules\gdsdecomp\exporters\scene_exporter.cpp:1030)
WARNING: Dependency res://assets/props/Objects_Interior(Village)_Demo/textures/Ice_cream.png:res://.godot/imported/Ice_cream.png-9f4dd39425f327d195fbaf4e801bddea.s3tc.ctex is not mapped to the same path: res://.godot/imported/Ice_cream.png-9f4dd39425f327d195fbaf4e801bddea.s3tc.ctex (uid://d0wykew7b5b61)
   at: GLBExporterInstance::_load_deps (modules\gdsdecomp\exporters\scene_exporter.cpp:1030)
WARNING: Dependency res://assets/props/Objects_Interior(Village)_Demo/textures/Ice_cream_01.png:res://.godot/imported/Ice_cream_01.png-ea5f4839534be629f4a6f82369d95e21.s3tc.ctex is not mapped to the same path: res://.godot/imported/Ice_cream_01.png-ea5f4839534be629f4a6f82369d95e21.s3tc.ctex (uid://bdh60kxf4u5n6)
   at: GLBExporterInstance::_load_deps (modules\gdsdecomp\exporters\scene_exporter.cpp:1030)
WARNING: Dependency res://assets/props/Objects_Interior(Village)_Demo/textures/Box_strawberries.png:res://.godot/imported/Box_strawberries.png-7c626f7008cc1dfb97b25dd85d5c9141.s3tc.ctex is not mapped to the same path: res://.godot/imported/Box_strawberries.png-7c626f7008cc1dfb97b25dd85d5c9141.s3tc.ctex (uid://b7epe74cwdvxo)
   at: GLBExporterInstance::_load_deps (modules\gdsdecomp\exporters\scene_exporter.cpp:1030)
WARNING: Dependency res://assets/props/Objects_Interior(Village)_Demo/textures/Garbage_bags.png:res://.godot/imported/Garbage_bags.png-8c835b53bbaaebd40fb9dc0f5d8c9811.s3tc.ctex is not mapped to the same path: res://.godot/imported/Garbage_bags.png-8c835b53bbaaebd40fb9dc0f5d8c9811.s3tc.ctex (uid://cjqxpk3dr4kal)
   at: GLBExporterInstance::_load_deps (modules\gdsdecomp\exporters\scene_exporter.cpp:1030)
WARNING: Dependency res://assets/props/Objects_Interior(Village)_Demo/textures/Flan.png:res://.godot/imported/Flan.png-ab375d247c540141d66110da7813a178.s3tc.ctex is not mapped to the same path: res://.godot/imported/Flan.png-ab375d247c540141d66110da7813a178.s3tc.ctex (uid://bog1vv4g6cq5o)
   at: GLBExporterInstance::_load_deps (modules\gdsdecomp\exporters\scene_exporter.cpp:1030)
WARNING: Dependency res://assets/props/Objects_Interior(Village)_Demo/textures/Cereal_bowl.png:res://.godot/imported/Cereal_bowl.png-4ead290aebf6015f6bae85ee6a67d0fd.s3tc.ctex is not mapped to the same path: res://.godot/imported/Cereal_bowl.png-4ead290aebf6015f6bae85ee6a67d0fd.s3tc.ctex (uid://b4opf65hoanvs)
   at: GLBExporterInstance::_load_deps (modules\gdsdecomp\exporters\scene_exporter.cpp:1030)
WARNING: Dependency res://assets/props/Objects_Interior(Village)_Demo/textures/Ceiling_Fan.png:res://.godot/imported/Ceiling_Fan.png-4e56a8596089ac6f0c15e251efadfabe.s3tc.ctex is not mapped to the same path: res://.godot/imported/Ceiling_Fan.png-4e56a8596089ac6f0c15e251efadfabe.s3tc.ctex (uid://hebhefydlcj2)
   at: GLBExporterInstance::_load_deps (modules\gdsdecomp\exporters\scene_exporter.cpp:1030)
WARNING: Dependency res://assets/props/Objects_Interior(Village)_Demo/textures/Ceiling_Fan_01.png:res://.godot/imported/Ceiling_Fan_01.png-664e1b803f1e43d6ba16b49b9a4558ea.s3tc.ctex is not mapped to the same path: res://.godot/imported/Ceiling_Fan_01.png-664e1b803f1e43d6ba16b49b9a4558ea.s3tc.ctex (uid://cnhe04osexx3i)
   at: GLBExporterInstance::_load_deps (modules\gdsdecomp\exporters\scene_exporter.cpp:1030)
WARNING: Dependency res://assets/props/Objects_Interior(Village)_Demo/textures/Ceiling_Fan_02.png:res://.godot/imported/Ceiling_Fan_02.png-bcff3690090ad6bb06e4a420120bb721.s3tc.ctex is not mapped to the same path: res://.godot/imported/Ceiling_Fan_02.png-bcff3690090ad6bb06e4a420120bb721.s3tc.ctex (uid://cq5g2cddcbsls)
   at: GLBExporterInstance::_load_deps (modules\gdsdecomp\exporters\scene_exporter.cpp:1030)
WARNING: Dependency res://assets/props/Objects_Interior(Village)_Demo/textures/Table.png:res://.godot/imported/Table.png-e0e4f253c0d4750bcef26263b0721fe7.s3tc.ctex is not mapped to the same path: res://.godot/imported/Table.png-e0e4f253c0d4750bcef26263b0721fe7.s3tc.ctex (uid://dg1wjfie1ucfm)
   at: GLBExporterInstance::_load_deps (modules\gdsdecomp\exporters\scene_exporter.cpp:1030)
WARNING: Dependency res://assets/props/Objects_Interior(Village)_Demo/textures/Table_01.png:res://.godot/imported/Table_01.png-d7f48d91e88f9b137f47f705a8735710.s3tc.ctex is not mapped to the same path: res://.godot/imported/Table_01.png-d7f48d91e88f9b137f47f705a8735710.s3tc.ctex (uid://bgs6gaxxym6k8)
   at: GLBExporterInstance::_load_deps (modules\gdsdecomp\exporters\scene_exporter.cpp:1030)
WARNING: Dependency res://assets/props/Objects_Interior(Village)_Demo/textures/Table_02.png:res://.godot/imported/Table_02.png-2b58bd07e3fe7a98424783e205afdc7f.s3tc.ctex is not mapped to the same path: res://.godot/imported/Table_02.png-2b58bd07e3fe7a98424783e205afdc7f.s3tc.ctex (uid://bl5o4cc3vvv5l)
   at: GLBExporterInstance::_load_deps (modules\gdsdecomp\exporters\scene_exporter.cpp:1030)
WARNING: Dependency res://assets/props/Objects_Interior(Village)_Demo/textures/Chair_03.png:res://.godot/imported/Chair_03.png-4f4ae63a22fd02e37d7ef668daca06e6.s3tc.ctex is not mapped to the same path: res://.godot/imported/Chair_03.png-4f4ae63a22fd02e37d7ef668daca06e6.s3tc.ctex (uid://d34epj4u7ydux)
   at: GLBExporterInstance::_load_deps (modules\gdsdecomp\exporters\scene_exporter.cpp:1030)
WARNING: Dependency res://assets/props/Objects_Interior(Village)_Demo/textures/Chair_04.png:res://.godot/imported/Chair_04.png-7274fdf4831b11de9e0d43ae7124b0f5.s3tc.ctex is not mapped to the same path: res://.godot/imported/Chair_04.png-7274fdf4831b11de9e0d43ae7124b0f5.s3tc.ctex (uid://ka4hwb8olj58)
   at: GLBExporterInstance::_load_deps (modules\gdsdecomp\exporters\scene_exporter.cpp:1030)
WARNING: Dependency res://assets/props/Objects_Interior(Village)_Demo/textures/Chair_05.png:res://.godot/imported/Chair_05.png-bb9c5bd92160774b7878f6fdc447f516.s3tc.ctex is not mapped to the same path: res://.godot/imported/Chair_05.png-bb9c5bd92160774b7878f6fdc447f516.s3tc.ctex (uid://cdgyjeemdol5m)
   at: GLBExporterInstance::_load_deps (modules\gdsdecomp\exporters\scene_exporter.cpp:1030)
WARNING: Dependency res://assets/props/Objects_Interior(Village)_Demo/textures/Focus.png:res://.godot/imported/Focus.png-963e51bb717cb02c003af2abbf239422.s3tc.ctex is not mapped to the same path: res://.godot/imported/Focus.png-963e51bb717cb02c003af2abbf239422.s3tc.ctex (uid://b8d23nuva6q8h)
   at: GLBExporterInstance::_load_deps (modules\gdsdecomp\exporters\scene_exporter.cpp:1030)
WARNING: Dependency res://assets/props/Objects_Interior(Village)_Demo/textures/Focus_Emissor.png:res://.godot/imported/Focus_Emissor.png-171c79533b973af2de22da672fd03c38.s3tc.ctex is not mapped to the same path: res://.godot/imported/Focus_Emissor.png-171c79533b973af2de22da672fd03c38.s3tc.ctex (uid://d7as0hlu5cvh)
   at: GLBExporterInstance::_load_deps (modules\gdsdecomp\exporters\scene_exporter.cpp:1030)
WARNING: Dependency res://assets/props/Objects_Interior(Village)_Demo/textures/Focus_01.png:res://.godot/imported/Focus_01.png-7e0e67fc5b490728cb907918e9df5492.s3tc.ctex is not mapped to the same path: res://.godot/imported/Focus_01.png-7e0e67fc5b490728cb907918e9df5492.s3tc.ctex (uid://ca7kbfcgknw6b)
   at: GLBExporterInstance::_load_deps (modules\gdsdecomp\exporters\scene_exporter.cpp:1030)
WARNING: Dependency res://assets/props/Objects_Interior(Village)_Demo/textures/Focus_01_Emissor.png:res://.godot/imported/Focus_01_Emissor.png-a4c7c2bbf4c87ad0f38a27f20113fbea.s3tc.ctex is not mapped to the same path: res://.godot/imported/Focus_01_Emissor.png-a4c7c2bbf4c87ad0f38a27f20113fbea.s3tc.ctex (uid://b6vn7xelmxo3f)
   at: GLBExporterInstance::_load_deps (modules\gdsdecomp\exporters\scene_exporter.cpp:1030)
WARNING: Dependency res://assets/props/Objects_Interior(Village)_Demo/textures/Focus_02.png:res://.godot/imported/Focus_02.png-c6349159e173dfb2d6fe2329a33b10a2.s3tc.ctex is not mapped to the same path: res://.godot/imported/Focus_02.png-c6349159e173dfb2d6fe2329a33b10a2.s3tc.ctex (uid://hcgbqte53bc7)
   at: GLBExporterInstance::_load_deps (modules\gdsdecomp\exporters\scene_exporter.cpp:1030)
WARNING: Dependency res://assets/props/Objects_Interior(Village)_Demo/textures/Focus_02_Emissor.png:res://.godot/imported/Focus_02_Emissor.png-2e1a9b2593566eacfba5ed25fe2fa131.s3tc.ctex is not mapped to the same path: res://.godot/imported/Focus_02_Emissor.png-2e1a9b2593566eacfba5ed25fe2fa131.s3tc.ctex (uid://y6okowspshe7)
   at: GLBExporterInstance::_load_deps (modules\gdsdecomp\exporters\scene_exporter.cpp:1030)
WARNING: Dependency res://assets/props/Objects_Interior(Village)_Demo/textures/Flower_Table.png:res://.godot/imported/Flower_Table.png-bd96ca24e5ea6a393bdee93e52702021.s3tc.ctex is not mapped to the same path: res://.godot/imported/Flower_Table.png-bd96ca24e5ea6a393bdee93e52702021.s3tc.ctex (uid://c3llb58eudilk)
   at: GLBExporterInstance::_load_deps (modules\gdsdecomp\exporters\scene_exporter.cpp:1030)
WARNING: Dependency res://assets/props/Objects_Interior(Village)_Demo/textures/Flower_Table_01.png:res://.godot/imported/Flower_Table_01.png-46ce4f78861cfab9265acef60eeb49b4.s3tc.ctex is not mapped to the same path: res://.godot/imported/Flower_Table_01.png-46ce4f78861cfab9265acef60eeb49b4.s3tc.ctex (uid://c6y2swjl1ua1v)
   at: GLBExporterInstance::_load_deps (modules\gdsdecomp\exporters\scene_exporter.cpp:1030)
WARNING: Dependency res://assets/props/Objects_Interior(Village)_Demo/textures/Box_Pizza.png:res://.godot/imported/Box_Pizza.png-6cfcad16959a3e9913d5297cf78a2b32.s3tc.ctex is not mapped to the same path: res://.godot/imported/Box_Pizza.png-6cfcad16959a3e9913d5297cf78a2b32.s3tc.ctex (uid://bsefk4fuodwyd)
   at: GLBExporterInstance::_load_deps (modules\gdsdecomp\exporters\scene_exporter.cpp:1030)
WARNING: Dependency res://assets/props/Objects_Interior(Village)_Demo/textures/Paintings.jpg:res://.godot/imported/Paintings.jpg-326b5f5ada31ffd7f16f682b73038029.s3tc.ctex is not mapped to the same path: res://.godot/imported/Paintings.jpg-326b5f5ada31ffd7f16f682b73038029.s3tc.ctex (uid://rwxc75kupcf4)
   at: GLBExporterInstance::_load_deps (modules\gdsdecomp\exporters\scene_exporter.cpp:1030)
WARNING: Dependency res://assets/props/Objects_Interior(Village)_Demo/textures/Wardrobe.png:res://.godot/imported/Wardrobe.png-ffb077036e86738f3ad4559d97b4a0e7.s3tc.ctex is not mapped to the same path: res://.godot/imported/Wardrobe.png-ffb077036e86738f3ad4559d97b4a0e7.s3tc.ctex (uid://cdvi5ig1yyf4r)
   at: GLBExporterInstance::_load_deps (modules\gdsdecomp\exporters\scene_exporter.cpp:1030)
WARNING: Dependency res://assets/props/Objects_Interior(Village)_Demo/textures/Wardrobe_01.png:res://.godot/imported/Wardrobe_01.png-5b506c0ef17b62d16981f90efa9db699.s3tc.ctex is not mapped to the same path: res://.godot/imported/Wardrobe_01.png-5b506c0ef17b62d16981f90efa9db699.s3tc.ctex (uid://cjj1ndwfjeg5i)
   at: GLBExporterInstance::_load_deps (modules\gdsdecomp\exporters\scene_exporter.cpp:1030)
WARNING: Dependency res://assets/props/Objects_Interior(Village)_Demo/textures/Trash_can.png:res://.godot/imported/Trash_can.png-f5056e07f185d0f8b1af84461e5382c6.s3tc.ctex is not mapped to the same path: res://.godot/imported/Trash_can.png-f5056e07f185d0f8b1af84461e5382c6.s3tc.ctex (uid://djf42qyo8irbk)
   at: GLBExporterInstance::_load_deps (modules\gdsdecomp\exporters\scene_exporter.cpp:1030)
WARNING: Dependency res://assets/props/Objects_Interior(Village)_Demo/textures/Plates.png:res://.godot/imported/Plates.png-1856909c88c2bc3231bbbfa2bb61f41b.s3tc.ctex is not mapped to the same path: res://.godot/imported/Plates.png-1856909c88c2bc3231bbbfa2bb61f41b.s3tc.ctex (uid://c5fj83wxieuv2)
   at: GLBExporterInstance::_load_deps (modules\gdsdecomp\exporters\scene_exporter.cpp:1030)
WARNING: Dependency res://assets/props/Objects_Interior(Village)_Demo/textures/Gadgets.png:res://.godot/imported/Gadgets.png-dcefc58f141a18c4548dfc61094611db.s3tc.ctex is not mapped to the same path: res://.godot/imported/Gadgets.png-dcefc58f141a18c4548dfc61094611db.s3tc.ctex (uid://1eo3d474qrvc)
   at: GLBExporterInstance::_load_deps (modules\gdsdecomp\exporters\scene_exporter.cpp:1030)
WARNING: Dependency res://assets/props/Objects_Interior(Village)_Demo/textures/Cutlery.png:res://.godot/imported/Cutlery.png-fd0709ca09ea8ec4384bd3354bb0440f.s3tc.ctex is not mapped to the same path: res://.godot/imported/Cutlery.png-fd0709ca09ea8ec4384bd3354bb0440f.s3tc.ctex (uid://dvngjpuhuqtwf)
   at: GLBExporterInstance::_load_deps (modules\gdsdecomp\exporters\scene_exporter.cpp:1030)
Saved project config.


********************************EXPORT REPORT********************************

Totals:                                 
Decompiled scripts:                     272
Scripts not decompiled:                 0
Imported resources for export session:  2102
Successfully converted:                 2019
Lossy:                                  674
Rewrote metadata:                       1365
Non-importable conversions:             105
Not converted:                          0
Failed conversions:                     83
-------------

------

The following files were converted and saved to a non-original path, but did not have their import data rewritten.
These files will not be re-imported when loading the project.
res://.godot/imported/rifle_bullet_1.fbx-7f9e31d8f9e38541ba07080fe5b305b6.scn to res://.assets/addons/fpstemplate/Addon Assets/Weapon Models/Ammunition/RifleBullet1/rifle_bullet_1.glb
res://.godot/imported/rocket_1.fbx-745fac9b055b651365cac3494048d0fe.scn to res://.assets/addons/fpstemplate/Addon Assets/Weapon Models/Ammunition/Rocket1/rocket_1.glb
res://.godot/imported/shotgun_bullet_1.fbx-045d0641117b25f319079d479bb46d01.scn to res://.assets/addons/fpstemplate/Addon Assets/Weapon Models/Ammunition/ShotgunBullet1/shotgun_bullet_1.glb
res://.godot/imported/compensator_1.fbx-adb01b2ad88838a988339eed460ef34a.scn to res://.assets/addons/fpstemplate/Addon Assets/Weapon Models/Attachments/Compensator1/compensator_1.glb
res://.godot/imported/fitment_1.fbx-9715dc92700dfbd3fd252d022f9624fd.scn to res://.assets/addons/fpstemplate/Addon Assets/Weapon Models/Attachments/Fitment1/fitment_1.glb
res://.godot/imported/flashlight_1.fbx-b471d3b79b16c0e89c56f5e1d997dfa0.scn to res://.assets/addons/fpstemplate/Addon Assets/Weapon Models/Attachments/Flashlight1/flashlight_1.glb
res://.godot/imported/grip_1.fbx-e508d529f342b2875285a470bb25b9f1.scn to res://.assets/addons/fpstemplate/Addon Assets/Weapon Models/Attachments/Grip1/grip_1.glb
res://.godot/imported/scope_1.fbx-108da18b9589d5c623f5c4b13cf279b3.scn to res://.assets/addons/fpstemplate/Addon Assets/Weapon Models/Attachments/Scope1/scope_1.glb
res://.godot/imported/scope_2.fbx-02a8d4784df7b2fb85cee2fe1d86b8cf.scn to res://.assets/addons/fpstemplate/Addon Assets/Weapon Models/Attachments/Scope2/scope_2.glb
res://.godot/imported/scope_3.fbx-f941b285536bdf66f0582942ec9f6001.scn to res://.assets/addons/fpstemplate/Addon Assets/Weapon Models/Attachments/Scope3/scope_3.glb
res://.godot/imported/scope_4.fbx-a1ecefbc8a3c1431b44e55069cef036b.scn to res://.assets/addons/fpstemplate/Addon Assets/Weapon Models/Attachments/Scope4/scope_4.glb
res://.godot/imported/scope_5.fbx-187ea37ffd64fd63907450f9205425c2.scn to res://.assets/addons/fpstemplate/Addon Assets/Weapon Models/Attachments/Scope5/scope_5.glb
res://.godot/imported/sight_1.fbx-d15e35e7fb984066e4528c0fab3d4512.scn to res://.assets/addons/fpstemplate/Addon Assets/Weapon Models/Attachments/Sight1/sight_1.glb
res://.godot/imported/sight_2.fbx-7b54462da5aa66c9a83f89d08b9a43ad.scn to res://.assets/addons/fpstemplate/Addon Assets/Weapon Models/Attachments/Sight2/sight_2.glb
res://.godot/imported/sight_3.fbx-76abf596dc7e162ad5a35f232ecdc6f3.scn to res://.assets/addons/fpstemplate/Addon Assets/Weapon Models/Attachments/Sight3/sight_3.glb
res://.godot/imported/silencer_1.fbx-c84137c48aabafb9a082db800670802e.scn to res://.assets/addons/fpstemplate/Addon Assets/Weapon Models/Attachments/Silencer1/silencer_1.glb
res://.godot/imported/combined_assets_1.fbx-52d63277708c22455d06980351c3d03e.scn to res://.assets/addons/fpstemplate/Addon Assets/Weapon Models/CombinedAssets/CombinedAssets1/combined_assets_1.glb
res://.godot/imported/explosive_1.fbx-0f0a8d21d96f70b9ff72941427ecca78.scn to res://.assets/addons/fpstemplate/Addon Assets/Weapon Models/Explosives/Explosive1/explosive_1.glb
res://.godot/imported/explosive_2.fbx-955d0ebd8192a2fefc1665a185de0eac.scn to res://.assets/addons/fpstemplate/Addon Assets/Weapon Models/Explosives/Explosive2/explosive_2.glb
res://.godot/imported/explosive_3.fbx-43dcab86a389b77fb1c7c37ce6056044.scn to res://.assets/addons/fpstemplate/Addon Assets/Weapon Models/Explosives/Explosive3/explosive_3.glb
res://.godot/imported/explosive_4.fbx-ce551e376df1bf66d59cb54f49009b81.scn to res://.assets/addons/fpstemplate/Addon Assets/Weapon Models/Explosives/Explosive4/explosive_4.glb
res://.godot/imported/machine_gun_1.fbx-f4a401c987ecfad0a635e6709618b782.scn to res://.assets/addons/fpstemplate/Addon Assets/Weapon Models/Guns/MachineGuns/MachineGun1/machine_gun_1.glb
res://.godot/imported/machine_gun_2.fbx-caa40f23b37b85d092ce294a8980c9d5.scn to res://.assets/addons/fpstemplate/Addon Assets/Weapon Models/Guns/MachineGuns/MachineGun2/machine_gun_2.glb
res://.godot/imported/machine_gun_3.fbx-7ff9caa4feff516d8d8e84985f166207.scn to res://.assets/addons/fpstemplate/Addon Assets/Weapon Models/Guns/MachineGuns/MachineGun3/machine_gun_3.glb
res://.godot/imported/machine_gun_4.fbx-fec37ed2d87651e1f1692a81506b2298.scn to res://.assets/addons/fpstemplate/Addon Assets/Weapon Models/Guns/MachineGuns/MachineGun4/machine_gun_4.glb
res://.godot/imported/machine_gun_5.fbx-f9d883386dbbe262df55028d9a4794a1.scn to res://.assets/addons/fpstemplate/Addon Assets/Weapon Models/Guns/MachineGuns/MachineGun5/machine_gun_5.glb
res://.godot/imported/machine_gun_6.fbx-a98709fdea3db9d4322dffaf51ab1985.scn to res://.assets/addons/fpstemplate/Addon Assets/Weapon Models/Guns/MachineGuns/MachineGun6/machine_gun_6.glb
res://.godot/imported/machine_gun_7.fbx-533f8832d1b9d3943c132babd0b245d4.scn to res://.assets/addons/fpstemplate/Addon Assets/Weapon Models/Guns/MachineGuns/MachineGun7/machine_gun_7.glb
res://.godot/imported/pistol_1.fbx-ea75d99f61f96ddeb11e291e830a43e0.scn to res://.assets/addons/fpstemplate/Addon Assets/Weapon Models/Guns/Pistols/Pistol1/pistol_1.glb
res://.godot/imported/pistol_2.fbx-6dfe4c86433f25e4a28c8565a9873af9.scn to res://.assets/addons/fpstemplate/Addon Assets/Weapon Models/Guns/Pistols/Pistol2/pistol_2.glb
res://.godot/imported/pistol_3.fbx-e6bcfce720cc252caecf9c1db6a3bfb0.scn to res://.assets/addons/fpstemplate/Addon Assets/Weapon Models/Guns/Pistols/Pistol3/pistol_3.glb
res://.godot/imported/rifle_1.fbx-4e1db3d375e8a6e2d3bd7c3ade0984e6.scn to res://.assets/addons/fpstemplate/Addon Assets/Weapon Models/Guns/Rifles/Rifle1/rifle_1.glb
res://.godot/imported/rifle_2.fbx-ee3432e667a50877de9019b0b6184b89.scn to res://.assets/addons/fpstemplate/Addon Assets/Weapon Models/Guns/Rifles/Rifle2/rifle_2.glb
res://.godot/imported/rifle_3.fbx-8c587afe3b0b60b766568697696be4af.scn to res://.assets/addons/fpstemplate/Addon Assets/Weapon Models/Guns/Rifles/Rifle3/rifle_3.glb
res://.godot/imported/rocket_launcher_1.fbx-d9f1d46c48ddc1ed7e5f211823ebed99.scn to res://.assets/addons/fpstemplate/Addon Assets/Weapon Models/Guns/RocketLaunchers/RocketLauncher1/rocket_launcher_1.glb
res://.godot/imported/shotgun_1.fbx-383c1e84da914579f03e23cc65fdd1eb.scn to res://.assets/addons/fpstemplate/Addon Assets/Weapon Models/Guns/Shotguns/Shotgun1/shotgun_1.glb
res://.godot/imported/shotgun_2.fbx-59d27b2d40a57fb9c154e448335d3aba.scn to res://.assets/addons/fpstemplate/Addon Assets/Weapon Models/Guns/Shotguns/Shotgun2/shotgun_2.glb
res://.godot/imported/shotgun_3.fbx-ff436640b90e4fffb793652fc265768e.scn to res://.assets/addons/fpstemplate/Addon Assets/Weapon Models/Guns/Shotguns/Shotgun3/shotgun_3.glb
res://.godot/imported/submachine_gun_1.fbx-60d66ed4135baa8a5e7e0170fafe1d59.scn to res://.assets/addons/fpstemplate/Addon Assets/Weapon Models/Guns/SubmachineGuns/SubmachineGun1/submachine_gun_1.glb
res://.godot/imported/submachine_gun_2.fbx-536053d0e0ff6ae9f988cf6001e78fc3.scn to res://.assets/addons/fpstemplate/Addon Assets/Weapon Models/Guns/SubmachineGuns/SubmachineGun2/submachine_gun_2.glb
res://.godot/imported/submachine_gun_3.fbx-917fd0f354dffca104ba27555a06e41d.scn to res://.assets/addons/fpstemplate/Addon Assets/Weapon Models/Guns/SubmachineGuns/SubmachineGun3/submachine_gun_3.glb
res://.godot/imported/submachine_gun_4.fbx-fdeaa4b9e0bb27b6c6866fcbda59eed7.scn to res://.assets/addons/fpstemplate/Addon Assets/Weapon Models/Guns/SubmachineGuns/SubmachineGun4/submachine_gun_4.glb
res://.godot/imported/submachine_gun_5.fbx-90bcce3017657a7f030d8f86edc0b595.scn to res://.assets/addons/fpstemplate/Addon Assets/Weapon Models/Guns/SubmachineGuns/SubmachineGun5/submachine_gun_5.glb
res://.godot/imported/axe_1.fbx-534c8179a9ee929008fc98cf04c8c77e.scn to res://.assets/addons/fpstemplate/Addon Assets/Weapon Models/Melee/Axes/Axe1/axe_1.glb
res://.godot/imported/bat_1.fbx-f8efa70b1b18eaa5a141213770ee1233.scn to res://.assets/addons/fpstemplate/Addon Assets/Weapon Models/Melee/Bats/Bat1/bat_1.glb
res://.godot/imported/bat_2.fbx-3c85defa16c65f976e5a773b9cf4af37.scn to res://.assets/addons/fpstemplate/Addon Assets/Weapon Models/Melee/Bats/Bat2/bat_2.glb
res://.godot/imported/hammer_1.fbx-bffb8b959ad48942cffda19ad0c889df.scn to res://.assets/addons/fpstemplate/Addon Assets/Weapon Models/Melee/Hammers/Hammer1/hammer_1.glb
res://.godot/imported/knive_1.fbx-441685932f3c64b91d5962950e25493d.scn to res://.assets/addons/fpstemplate/Addon Assets/Weapon Models/Melee/Knive/Knive1/knive_1.glb
res://.godot/imported/knive_2.fbx-752e15467d892f9184af73eae6150313.scn to res://.assets/addons/fpstemplate/Addon Assets/Weapon Models/Melee/Knive/Knive2/knive_2.glb
res://.godot/imported/knive_3.fbx-6c4943434f7b7cb2600e6f8ad4a5f367.scn to res://.assets/addons/fpstemplate/Addon Assets/Weapon Models/Melee/Knive/Knive3/knive_3.glb
res://.godot/imported/knive_4.fbx-b56485db6eb65b4e7931b8d52be1eadf.scn to res://.assets/addons/fpstemplate/Addon Assets/Weapon Models/Melee/Knive/Knive4/knive_4.glb
res://.godot/imported/sword_1.fbx-def5eb67b496548c08c32062fb848165.scn to res://.assets/addons/fpstemplate/Addon Assets/Weapon Models/Melee/Swords/Sword1/sword_1.glb
res://.godot/imported/source.blend-6553bbdea542ba64489fdff7990920e8.scn to res://.assets/addons/proton_scatter/demos/assets/source.glb
res://.godot/imported/Edificios.dae-b8174161563de72aa3f5208e8e3ce4cc.scn to res://.assets/assets/props/Bui/Edificios.glb
res://.godot/imported/Character_Female_01.fbx-599fe7e489beaa151a90c4f7479b1da0.scn to res://.assets/assets/props/Characters_psx/Models/Female/Character_Female_01.glb
res://.godot/imported/barrel.blend-42d9d6154942078ea0e99fa8cb2a2847.scn to res://.assets/assets/props/barrel/barrel.glb
res://.godot/imported/barrel.fbx-ed66affb2be8c0558885ffac0d439bb8.scn to res://.assets/assets/props/barrel/barrel.glb
res://.godot/imported/mod_tyre_1.fbx-56526d3b73c023c500a2f30a90ebb59a.scn to res://.assets/assets/props/fbx/mod_tyre_1.glb
res://.godot/imported/chain.blend-9c772d494c8f2d52443b3be1dd263643.scn to res://.assets/assets/props/lift chain hook/chain.glb
res://.godot/imported/chain.fbx-721c5540fb70b07dd54679c4e0ccac7f.scn to res://.assets/assets/props/lift chain hook/chain.glb
res://.godot/imported/hook.fbx-092aed37f4a0b2173f6720bbc1c0b480.scn to res://.assets/assets/props/lift chain hook/hook.glb
res://.godot/imported/bush01.fbx-9bc591a8dc8ccd80a83d43cb7cb13f32.scn to res://.assets/assets/props/tree_pack_1.1/models/bush01.glb
res://.godot/imported/bush02.fbx-3a8517cc9caf41ecf12e34b2cb138226.scn to res://.assets/assets/props/tree_pack_1.1/models/bush02.glb
res://.godot/imported/bush03.fbx-2a6f12e8e067d4715454bbbc9f11b5e6.scn to res://.assets/assets/props/tree_pack_1.1/models/bush03.glb
res://.godot/imported/bush04.fbx-5654fe10db57c251b9ebd4836b62a2bd.scn to res://.assets/assets/props/tree_pack_1.1/models/bush04.glb
res://.godot/imported/bush05.fbx-650f69d408c99c84d9e44354b4f4da80.scn to res://.assets/assets/props/tree_pack_1.1/models/bush05.glb
res://.godot/imported/bush06.fbx-3ecedfd37b8fd0afcc67907665c1891d.scn to res://.assets/assets/props/tree_pack_1.1/models/bush06.glb
res://.godot/imported/bush07.fbx-c41ff632d9b8b96a4ba8db22af420ed9.scn to res://.assets/assets/props/tree_pack_1.1/models/bush07.glb
res://.godot/imported/bush08.fbx-e998e8640e774003045b9c6b20bb0e13.scn to res://.assets/assets/props/tree_pack_1.1/models/bush08.glb
res://.godot/imported/tree01.fbx-3b4157886cdb6895260250a1b5c6605b.scn to res://.assets/assets/props/tree_pack_1.1/models/tree01.glb
res://.godot/imported/tree02.fbx-3d83c6e846bd49776c003998503ce959.scn to res://.assets/assets/props/tree_pack_1.1/models/tree02.glb
res://.godot/imported/tree03.fbx-27e500b9525b81813f3458d3d3a98eec.scn to res://.assets/assets/props/tree_pack_1.1/models/tree03.glb
res://.godot/imported/tree04.fbx-553bec448ba78bb6c9a4badb002cd631.scn to res://.assets/assets/props/tree_pack_1.1/models/tree04.glb
res://.godot/imported/tree05.fbx-c1d755cb5a7c7d364db4a0f32cb79b8f.scn to res://.assets/assets/props/tree_pack_1.1/models/tree05.glb
res://.godot/imported/tree06.fbx-95bf962017522d58979fe62c47b5b49f.scn to res://.assets/assets/props/tree_pack_1.1/models/tree06.glb
res://.godot/imported/tree07.fbx-0b2d8081c60ac8492003a8ef28137ce0.scn to res://.assets/assets/props/tree_pack_1.1/models/tree07.glb
res://.godot/imported/tree08.fbx-b7e9e7d6f176d2f25072693d30de57b0.scn to res://.assets/assets/props/tree_pack_1.1/models/tree08.glb
res://.godot/imported/tree09.fbx-0a3294caa20c2ecc795dde3a033403ec.scn to res://.assets/assets/props/tree_pack_1.1/models/tree09.glb
res://.godot/imported/tree10.fbx-3cf222dbe04d6aaedf241e59ad37199a.scn to res://.assets/assets/props/tree_pack_1.1/models/tree10.glb
res://.godot/imported/tree11.fbx-0b8cc57acb9de1a9c03b991251720062.scn to res://.assets/assets/props/tree_pack_1.1/models/tree11.glb
res://.godot/imported/tree12.fbx-565d8c812ba72bf37ed962d6fcfa18d5.scn to res://.assets/assets/props/tree_pack_1.1/models/tree12.glb
res://.godot/imported/tree13.fbx-6cd243b9228aef94d93b28c657469dd9.scn to res://.assets/assets/props/tree_pack_1.1/models/tree13.glb
res://.godot/imported/tree14.fbx-b3d5c929c4fca699f1803768b119db0a.scn to res://.assets/assets/props/tree_pack_1.1/models/tree14.glb
res://.godot/imported/tree15.fbx-557af37d88af6bce6308f229e260bfa6.scn to res://.assets/assets/props/tree_pack_1.1/models/tree15.glb
res://.godot/imported/tree16.fbx-4073573060ef94bc1839548066cb8116.scn to res://.assets/assets/props/tree_pack_1.1/models/tree16.glb
res://.godot/imported/tree17.fbx-f006de17cc109da3fabfea21e484e673.scn to res://.assets/assets/props/tree_pack_1.1/models/tree17.glb
res://.godot/imported/tree18.fbx-5c1ecb60615f10d31f25960e2a8dbe57.scn to res://.assets/assets/props/tree_pack_1.1/models/tree18.glb
res://.godot/imported/tree19.fbx-4db18f72616ed757f3bb64db75ac2d82.scn to res://.assets/assets/props/tree_pack_1.1/models/tree19.glb
res://.godot/imported/tree20.fbx-79e72b6b2d6d027b08d29d3faa6a23bb.scn to res://.assets/assets/props/tree_pack_1.1/models/tree20.glb
res://.godot/imported/tree21.fbx-84702457124884a087c467d2367d2e15.scn to res://.assets/assets/props/tree_pack_1.1/models/tree21.glb
res://.godot/imported/tree22.fbx-e9985a14089d9e36b54e172391649221.scn to res://.assets/assets/props/tree_pack_1.1/models/tree22.glb
res://.godot/imported/tree23.fbx-c125d1477dd12794e493c2751998ff28.scn to res://.assets/assets/props/tree_pack_1.1/models/tree23.glb
res://.godot/imported/tree24.fbx-1aed28b55497f53845da719f1191a340.scn to res://.assets/assets/props/tree_pack_1.1/models/tree24.glb
res://.godot/imported/tree25.fbx-de3f57b56792ac58c80584b70e7b1d91.scn to res://.assets/assets/props/tree_pack_1.1/models/tree25.glb
res://.godot/imported/tree26.fbx-3b58ebf39726e1096fb98423c0ad1a53.scn to res://.assets/assets/props/tree_pack_1.1/models/tree26.glb
res://.godot/imported/tree27.fbx-e3d9542bbb70f4ae94be4eb25e7d3afe.scn to res://.assets/assets/props/tree_pack_1.1/models/tree27.glb
res://.godot/imported/tree28.fbx-251f845f4909d903d21a6b746cf76e57.scn to res://.assets/assets/props/tree_pack_1.1/models/tree28.glb
res://.godot/imported/tree29.fbx-3f2660a9fc33771d33c4ae266823fc9a.scn to res://.assets/assets/props/tree_pack_1.1/models/tree29.glb
res://.godot/imported/tree30.fbx-6fc543852cfc31f24d874b666a7b5984.scn to res://.assets/assets/props/tree_pack_1.1/models/tree30.glb
res://.godot/imported/tree31.fbx-92469486c2cdbb9f4241615001fdb7dd.scn to res://.assets/assets/props/tree_pack_1.1/models/tree31.glb
res://.godot/imported/tree32.fbx-34b9bf73f0345ef4b631c1290820ca9c.scn to res://.assets/assets/props/tree_pack_1.1/models/tree32.glb
res://.godot/imported/tree33.fbx-537373293481198df85bc238c8e23b7b.scn to res://.assets/assets/props/tree_pack_1.1/models/tree33.glb
res://.godot/imported/tree34.fbx-0966ef4a60e4804c2ebab8b3a12918de.scn to res://.assets/assets/props/tree_pack_1.1/models/tree34.glb
res://.godot/imported/tree35.fbx-39d730327b03952fdb7eab5e3e6cac41.scn to res://.assets/assets/props/tree_pack_1.1/models/tree35.glb
res://.godot/imported/tree36.fbx-4924a6c5bba58366a7f119a7f5125d61.scn to res://.assets/assets/props/tree_pack_1.1/models/tree36.glb
------

Failed conversions:
* res://assets/props/Characters_psx/Models/Characters_PSX.blend
  * Errors during rewriting import settings:
  * Failed to set all external dependencies in GLTF export and/or import info. This scene may not be imported correctly upon re-import.
  * Errors:
    ** Errors during import parameter setting:
    Dependencies that were not set:
      res://assets/props/Characters_psx/Textures/Character_17_Female_Police.png
      res://assets/props/Characters_psx/Textures/Character_19_Female_Police.png
      res://assets/props/Characters_psx/Textures/Character_18_Female_Police.png
      res://assets/props/Characters_psx/Textures/Character_20_Female_Police.png
      res://assets/props/Characters_psx/Textures/Character_21_Female_Firefighter.png
      res://assets/props/Characters_psx/Textures/Character_22_Female_Firefighter.png
      res://assets/props/Characters_psx/Textures/Character_23_Female_Doctor.png
      res://assets/props/Characters_psx/Textures/Character_24_Female_Doctor.png

* res://assets/props/Characters_psx/Models/Female/Character_17_Female_Police.fbx
  * Errors during rewriting import settings:
  * Failed to set all external dependencies in GLTF export and/or import info. This scene may not be imported correctly upon re-import.
  * Errors:
    ** Errors during scene loading:
    WARNING: Dependency res://assets/props/Characters_psx/textures/Character_17_Female_Police.png:res://.godot/imported/Character_17_Female_Police.png-0b01fe5131eb0a4994b041e7974d7e8a.s3tc.ctex is not mapped to the same path: res://.godot/imported/Character_17_Female_Police.png-0b01fe5131eb0a4994b041e7974d7e8a.s3tc.ctex (uid://yp1qyiwqxwkv)
       at: GLBExporterInstance::_load_deps (modules\gdsdecomp\exporters\scene_exporter.cpp:1030)
    ** Errors during import parameter setting:
    Dependencies that were not set:
      res://assets/props/Characters_psx/textures/Character_17_Female_Police.png

* res://assets/props/Characters_psx/Models/Female/Character_18_Female_Police.fbx
  * Errors during rewriting import settings:
  * Failed to set all external dependencies in GLTF export and/or import info. This scene may not be imported correctly upon re-import.
  * Errors:
    ** Errors during scene loading:
    WARNING: Dependency res://assets/props/Characters_psx/textures/Character_18_Female_Police.png:res://.godot/imported/Character_18_Female_Police.png-2da5b7f64c3f495e9edd76851479994a.s3tc.ctex is not mapped to the same path: res://.godot/imported/Character_18_Female_Police.png-2da5b7f64c3f495e9edd76851479994a.s3tc.ctex (uid://xkvttaiwy2ft)
       at: GLBExporterInstance::_load_deps (modules\gdsdecomp\exporters\scene_exporter.cpp:1030)
    ** Errors during import parameter setting:
    Dependencies that were not set:
      res://assets/props/Characters_psx/textures/Character_18_Female_Police.png

* res://assets/props/Characters_psx/Models/Female/Character_19_Female_Police.fbx
  * Errors during rewriting import settings:
  * Failed to set all external dependencies in GLTF export and/or import info. This scene may not be imported correctly upon re-import.
  * Errors:
    ** Errors during scene loading:
    WARNING: Dependency res://assets/props/Characters_psx/textures/Character_19_Female_Police.png:res://.godot/imported/Character_19_Female_Police.png-f0bd5e44e9d01575637e3aa5ada9702a.s3tc.ctex is not mapped to the same path: res://.godot/imported/Character_19_Female_Police.png-f0bd5e44e9d01575637e3aa5ada9702a.s3tc.ctex (uid://cg0ytl7n370g)
       at: GLBExporterInstance::_load_deps (modules\gdsdecomp\exporters\scene_exporter.cpp:1030)
    ** Errors during import parameter setting:
    Dependencies that were not set:
      res://assets/props/Characters_psx/textures/Character_19_Female_Police.png

* res://assets/props/Characters_psx/Models/Female/Character_20_Female_Police.fbx
  * Errors during rewriting import settings:
  * Failed to set all external dependencies in GLTF export and/or import info. This scene may not be imported correctly upon re-import.
  * Errors:
    ** Errors during scene loading:
    WARNING: Dependency res://assets/props/Characters_psx/textures/Character_20_Female_Police.png:res://.godot/imported/Character_20_Female_Police.png-e55190a6b138cf1c3d74b4a78775c6fb.s3tc.ctex is not mapped to the same path: res://.godot/imported/Character_20_Female_Police.png-e55190a6b138cf1c3d74b4a78775c6fb.s3tc.ctex (uid://bc5kmfrv6ogps)
       at: GLBExporterInstance::_load_deps (modules\gdsdecomp\exporters\scene_exporter.cpp:1030)
    ** Errors during import parameter setting:
    Dependencies that were not set:
      res://assets/props/Characters_psx/textures/Character_20_Female_Police.png

* res://assets/props/Characters_psx/Models/Female/Character_21_Female_Firefighter.fbx
  * Errors during rewriting import settings:
  * Failed to set all external dependencies in GLTF export and/or import info. This scene may not be imported correctly upon re-import.
  * Errors:
    ** Errors during scene loading:
    WARNING: Dependency res://assets/props/Characters_psx/textures/Character_21_Female_Firefighter.png:res://.godot/imported/Character_21_Female_Firefighter.png-835f7fec08f8257d162b79c749fa7468.s3tc.ctex is not mapped to the same path: res://.godot/imported/Character_21_Female_Firefighter.png-835f7fec08f8257d162b79c749fa7468.s3tc.ctex (uid://n6gnm1a6cm5g)
       at: GLBExporterInstance::_load_deps (modules\gdsdecomp\exporters\scene_exporter.cpp:1030)
    ** Errors during import parameter setting:
    Dependencies that were not set:
      res://assets/props/Characters_psx/textures/Character_21_Female_Firefighter.png

* res://assets/props/Characters_psx/Models/Female/Character_22_Female_Firefighter.fbx
  * Errors during rewriting import settings:
  * Failed to set all external dependencies in GLTF export and/or import info. This scene may not be imported correctly upon re-import.
  * Errors:
    ** Errors during scene loading:
    WARNING: Dependency res://assets/props/Characters_psx/textures/Character_22_Female_Firefighter.png:res://.godot/imported/Character_22_Female_Firefighter.png-70a4fe25e28dc1557aa19313a8411590.s3tc.ctex is not mapped to the same path: res://.godot/imported/Character_22_Female_Firefighter.png-70a4fe25e28dc1557aa19313a8411590.s3tc.ctex (uid://do2e2g56r0l06)
       at: GLBExporterInstance::_load_deps (modules\gdsdecomp\exporters\scene_exporter.cpp:1030)
    ** Errors during import parameter setting:
    Dependencies that were not set:
      res://assets/props/Characters_psx/textures/Character_22_Female_Firefighter.png

* res://assets/props/Characters_psx/Models/Female/Character_23_Female_Doctor.fbx
  * Errors during rewriting import settings:
  * Failed to set all external dependencies in GLTF export and/or import info. This scene may not be imported correctly upon re-import.
  * Errors:
    ** Errors during scene loading:
    WARNING: Dependency res://assets/props/Characters_psx/textures/Character_23_Female_Doctor.png:res://.godot/imported/Character_23_Female_Doctor.png-14a8b46c9379736fc2e997e947901165.s3tc.ctex is not mapped to the same path: res://.godot/imported/Character_23_Female_Doctor.png-14a8b46c9379736fc2e997e947901165.s3tc.ctex (uid://bdufar8lvj8ic)
       at: GLBExporterInstance::_load_deps (modules\gdsdecomp\exporters\scene_exporter.cpp:1030)
    ** Errors during import parameter setting:
    Dependencies that were not set:
      res://assets/props/Characters_psx/textures/Character_23_Female_Doctor.png

* res://assets/props/Characters_psx/Models/Female/Character_24_Female_Doctor.fbx
  * Errors during rewriting import settings:
  * Failed to set all external dependencies in GLTF export and/or import info. This scene may not be imported correctly upon re-import.
  * Errors:
    ** Errors during scene loading:
    WARNING: Dependency res://assets/props/Characters_psx/textures/Character_24_Female_Doctor.png:res://.godot/imported/Character_24_Female_Doctor.png-378b20beef557a5cd50395be423e3181.s3tc.ctex is not mapped to the same path: res://.godot/imported/Character_24_Female_Doctor.png-378b20beef557a5cd50395be423e3181.s3tc.ctex (uid://dfqvsfyf8yd8w)
       at: GLBExporterInstance::_load_deps (modules\gdsdecomp\exporters\scene_exporter.cpp:1030)
    ** Errors during import parameter setting:
    Dependencies that were not set:
      res://assets/props/Characters_psx/textures/Character_24_Female_Doctor.png

* res://assets/props/Characters_psx/Models/Female/Character_25_Female_Police.fbx
  * Errors during rewriting import settings:
  * Failed to set all external dependencies in GLTF export and/or import info. This scene may not be imported correctly upon re-import.
  * Errors:
    ** Errors during scene loading:
    WARNING: Dependency res://assets/props/Characters_psx/textures/Character_25_Female_Police.png:res://.godot/imported/Character_25_Female_Police.png-3d4b90ab7b38d74d9e2c75aecb917616.s3tc.ctex is not mapped to the same path: res://.godot/imported/Character_25_Female_Police.png-3d4b90ab7b38d74d9e2c75aecb917616.s3tc.ctex (uid://wypyi3lqc3d8)
       at: GLBExporterInstance::_load_deps (modules\gdsdecomp\exporters\scene_exporter.cpp:1030)
    ** Errors during import parameter setting:
    Dependencies that were not set:
      res://assets/props/Characters_psx/textures/Character_25_Female_Police.png

* res://assets/props/Characters_psx/Models/Female/Character_26_Female_Police.fbx
  * Errors during rewriting import settings:
  * Failed to set all external dependencies in GLTF export and/or import info. This scene may not be imported correctly upon re-import.
  * Errors:
    ** Errors during scene loading:
    WARNING: Dependency res://assets/props/Characters_psx/textures/Character_26_Female_Police.png:res://.godot/imported/Character_26_Female_Police.png-418cae2c0af395279849c7beef565aad.s3tc.ctex is not mapped to the same path: res://.godot/imported/Character_26_Female_Police.png-418cae2c0af395279849c7beef565aad.s3tc.ctex (uid://dy3mg8h4iqwwe)
       at: GLBExporterInstance::_load_deps (modules\gdsdecomp\exporters\scene_exporter.cpp:1030)
    ** Errors during import parameter setting:
    Dependencies that were not set:
      res://assets/props/Characters_psx/textures/Character_26_Female_Police.png

* res://assets/props/Characters_psx/Models/Female/Character_27_Female_HM.fbx
  * Errors during rewriting import settings:
  * Failed to set all external dependencies in GLTF export and/or import info. This scene may not be imported correctly upon re-import.
  * Errors:
    ** Errors during scene loading:
    WARNING: Dependency res://assets/props/Characters_psx/textures/Character_27_Female_HM.png:res://.godot/imported/Character_27_Female_HM.png-d45b901efb7c2dcf46be2f40ca8a44ac.s3tc.ctex is not mapped to the same path: res://.godot/imported/Character_27_Female_HM.png-d45b901efb7c2dcf46be2f40ca8a44ac.s3tc.ctex (uid://dts6rr3pq3cqe)
       at: GLBExporterInstance::_load_deps (modules\gdsdecomp\exporters\scene_exporter.cpp:1030)
    ** Errors during import parameter setting:
    Dependencies that were not set:
      res://assets/props/Characters_psx/textures/Character_27_Female_HM.png

* res://assets/props/Characters_psx/Models/Female/Character_28_Female_HM.fbx
  * Errors during rewriting import settings:
  * Failed to set all external dependencies in GLTF export and/or import info. This scene may not be imported correctly upon re-import.
  * Errors:
    ** Errors during scene loading:
    WARNING: Dependency res://assets/props/Characters_psx/textures/Character_28_Female_HM.png:res://.godot/imported/Character_28_Female_HM.png-f096319af25ac8b1ec5a5b2f41d2e01a.s3tc.ctex is not mapped to the same path: res://.godot/imported/Character_28_Female_HM.png-f096319af25ac8b1ec5a5b2f41d2e01a.s3tc.ctex (uid://7ec718abfxxv)
       at: GLBExporterInstance::_load_deps (modules\gdsdecomp\exporters\scene_exporter.cpp:1030)
    ** Errors during import parameter setting:
    Dependencies that were not set:
      res://assets/props/Characters_psx/textures/Character_28_Female_HM.png

* res://assets/props/Characters_psx/Models/Female/Character_29_Female.fbx
  * Errors during rewriting import settings:
  * Failed to set all external dependencies in GLTF export and/or import info. This scene may not be imported correctly upon re-import.
  * Errors:
    ** Errors during scene loading:
    WARNING: Dependency res://assets/props/Characters_psx/textures/Character_29_Female.png:res://.godot/imported/Character_29_Female.png-0ef444074dd2912456f5818c1b721118.s3tc.ctex is not mapped to the same path: res://.godot/imported/Character_29_Female.png-0ef444074dd2912456f5818c1b721118.s3tc.ctex (uid://cc3p5f6vh2pny)
       at: GLBExporterInstance::_load_deps (modules\gdsdecomp\exporters\scene_exporter.cpp:1030)
    ** Errors during import parameter setting:
    Dependencies that were not set:
      res://assets/props/Characters_psx/textures/Character_29_Female.png

* res://assets/props/Characters_psx/Models/Female/Character_30_Female.fbx
  * Errors during rewriting import settings:
  * Failed to set all external dependencies in GLTF export and/or import info. This scene may not be imported correctly upon re-import.
  * Errors:
    ** Errors during scene loading:
    WARNING: Dependency res://assets/props/Characters_psx/textures/Character_30_Female.png:res://.godot/imported/Character_30_Female.png-2c6844c9a122061adaaa4493eaefd8c8.s3tc.ctex is not mapped to the same path: res://.godot/imported/Character_30_Female.png-2c6844c9a122061adaaa4493eaefd8c8.s3tc.ctex (uid://c6ddrcf5akoci)
       at: GLBExporterInstance::_load_deps (modules\gdsdecomp\exporters\scene_exporter.cpp:1030)
    ** Errors during import parameter setting:
    Dependencies that were not set:
      res://assets/props/Characters_psx/textures/Character_30_Female.png

* res://assets/props/Characters_psx/Models/Female/Character_31_Female.fbx
  * Errors during rewriting import settings:
  * Failed to set all external dependencies in GLTF export and/or import info. This scene may not be imported correctly upon re-import.
  * Errors:
    ** Errors during scene loading:
    WARNING: Dependency res://assets/props/Characters_psx/textures/Character_31_Female.png:res://.godot/imported/Character_31_Female.png-f1fcbcb57da481d917c29d9e460802d3.s3tc.ctex is not mapped to the same path: res://.godot/imported/Character_31_Female.png-f1fcbcb57da481d917c29d9e460802d3.s3tc.ctex (uid://cxp2hxw4hf531)
       at: GLBExporterInstance::_load_deps (modules\gdsdecomp\exporters\scene_exporter.cpp:1030)
    ** Errors during import parameter setting:
    Dependencies that were not set:
      res://assets/props/Characters_psx/textures/Character_31_Female.png

* res://assets/props/Characters_psx/Models/Female/Character_32_Female.fbx
  * Errors during rewriting import settings:
  * Failed to set all external dependencies in GLTF export and/or import info. This scene may not be imported correctly upon re-import.
  * Errors:
    ** Errors during scene loading:
    WARNING: Dependency res://assets/props/Characters_psx/textures/Character_32_Female.png:res://.godot/imported/Character_32_Female.png-5c41bb025777ff96be5068c091261b07.s3tc.ctex is not mapped to the same path: res://.godot/imported/Character_32_Female.png-5c41bb025777ff96be5068c091261b07.s3tc.ctex (uid://bblo8ap1hvb0d)
       at: GLBExporterInstance::_load_deps (modules\gdsdecomp\exporters\scene_exporter.cpp:1030)
    ** Errors during import parameter setting:
    Dependencies that were not set:
      res://assets/props/Characters_psx/textures/Character_32_Female.png

* res://assets/props/Characters_psx/Models/Female/Character_33_Female.fbx
  * Errors during rewriting import settings:
  * Failed to set all external dependencies in GLTF export and/or import info. This scene may not be imported correctly upon re-import.
  * Errors:
    ** Errors during scene loading:
    WARNING: Dependency res://assets/props/Characters_psx/textures/Character_33_Female.png:res://.godot/imported/Character_33_Female.png-4553cfd4426515d349b09c1a0ae9f978.s3tc.ctex is not mapped to the same path: res://.godot/imported/Character_33_Female.png-4553cfd4426515d349b09c1a0ae9f978.s3tc.ctex (uid://cdl7yrql6swr)
       at: GLBExporterInstance::_load_deps (modules\gdsdecomp\exporters\scene_exporter.cpp:1030)
    ** Errors during import parameter setting:
    Dependencies that were not set:
      res://assets/props/Characters_psx/textures/Character_33_Female.png

* res://assets/props/Characters_psx/Models/Female/Character_Female_02.fbx
  * Errors during rewriting import settings:
  * Failed to set all external dependencies in GLTF export and/or import info. This scene may not be imported correctly upon re-import.
  * Errors:
    ** Errors during scene loading:
    WARNING: Dependency res://assets/props/Characters_psx/textures/Character_Female_02.png:res://.godot/imported/Character_Female_02.png-aca0c2c2bd3b697915a86a03a4aa5edc.s3tc.ctex is not mapped to the same path: res://.godot/imported/Character_Female_02.png-aca0c2c2bd3b697915a86a03a4aa5edc.s3tc.ctex (uid://b6ukgdip8mqbe)
       at: GLBExporterInstance::_load_deps (modules\gdsdecomp\exporters\scene_exporter.cpp:1030)
    ** Errors during import parameter setting:
    Dependencies that were not set:
      res://assets/props/Characters_psx/textures/Character_Female_02.png

* res://assets/props/Characters_psx/Models/Female/Character_Female_03.fbx
  * Errors during rewriting import settings:
  * Failed to set all external dependencies in GLTF export and/or import info. This scene may not be imported correctly upon re-import.
  * Errors:
    ** Errors during scene loading:
    WARNING: Dependency res://assets/props/Characters_psx/textures/Character_Female_03.png:res://.godot/imported/Character_Female_03.png-44338f8d5760d9369f647359b23c6686.s3tc.ctex is not mapped to the same path: res://.godot/imported/Character_Female_03.png-44338f8d5760d9369f647359b23c6686.s3tc.ctex (uid://b64h0eatwn6r3)
       at: GLBExporterInstance::_load_deps (modules\gdsdecomp\exporters\scene_exporter.cpp:1030)
    ** Errors during import parameter setting:
    Dependencies that were not set:
      res://assets/props/Characters_psx/textures/Character_Female_03.png

* res://assets/props/Characters_psx/Models/Female/Character_Female_04.fbx
  * Errors during rewriting import settings:
  * Failed to set all external dependencies in GLTF export and/or import info. This scene may not be imported correctly upon re-import.
  * Errors:
    ** Errors during scene loading:
    WARNING: Dependency res://assets/props/Characters_psx/textures/Character_Female_04.png:res://.godot/imported/Character_Female_04.png-b44f8097043ddc20d60e2e1f338fb255.s3tc.ctex is not mapped to the same path: res://.godot/imported/Character_Female_04.png-b44f8097043ddc20d60e2e1f338fb255.s3tc.ctex (uid://cx6a3vpeauixo)
       at: GLBExporterInstance::_load_deps (modules\gdsdecomp\exporters\scene_exporter.cpp:1030)
    ** Errors during import parameter setting:
    Dependencies that were not set:
      res://assets/props/Characters_psx/textures/Character_Female_04.png

* res://assets/props/Characters_psx/Models/Female/Character_Female_05.fbx
  * Errors during rewriting import settings:
  * Failed to set all external dependencies in GLTF export and/or import info. This scene may not be imported correctly upon re-import.
  * Errors:
    ** Errors during scene loading:
    WARNING: Dependency res://assets/props/Characters_psx/textures/Character_Female_05.png:res://.godot/imported/Character_Female_05.png-c961a762fa8de880852ee46055c02fd3.s3tc.ctex is not mapped to the same path: res://.godot/imported/Character_Female_05.png-c961a762fa8de880852ee46055c02fd3.s3tc.ctex (uid://dn2poxelrg7fp)
       at: GLBExporterInstance::_load_deps (modules\gdsdecomp\exporters\scene_exporter.cpp:1030)
    ** Errors during import parameter setting:
    Dependencies that were not set:
      res://assets/props/Characters_psx/textures/Character_Female_05.png

* res://assets/props/Characters_psx/Models/Female/Character_Female_06.fbx
  * Errors during rewriting import settings:
  * Failed to set all external dependencies in GLTF export and/or import info. This scene may not be imported correctly upon re-import.
  * Errors:
    ** Errors during scene loading:
    WARNING: Dependency res://assets/props/Characters_psx/textures/Character_Female_06.png:res://.godot/imported/Character_Female_06.png-761d657ba53386d9492623163944a56a.s3tc.ctex is not mapped to the same path: res://.godot/imported/Character_Female_06.png-761d657ba53386d9492623163944a56a.s3tc.ctex (uid://cftthtf6x8773)
       at: GLBExporterInstance::_load_deps (modules\gdsdecomp\exporters\scene_exporter.cpp:1030)
    ** Errors during import parameter setting:
    Dependencies that were not set:
      res://assets/props/Characters_psx/textures/Character_Female_06.png

* res://assets/props/Characters_psx/Models/Female/Character_Female_07.fbx
  * Errors during rewriting import settings:
  * Failed to set all external dependencies in GLTF export and/or import info. This scene may not be imported correctly upon re-import.
  * Errors:
    ** Errors during scene loading:
    WARNING: Dependency res://assets/props/Characters_psx/textures/Character_Female_07.png:res://.godot/imported/Character_Female_07.png-e7ba2b6ffc0efb64ba5c2ae228db3a62.s3tc.ctex is not mapped to the same path: res://.godot/imported/Character_Female_07.png-e7ba2b6ffc0efb64ba5c2ae228db3a62.s3tc.ctex (uid://qc62k40i8irf)
       at: GLBExporterInstance::_load_deps (modules\gdsdecomp\exporters\scene_exporter.cpp:1030)
    ** Errors during import parameter setting:
    Dependencies that were not set:
      res://assets/props/Characters_psx/textures/Character_Female_07.png

* res://assets/props/Characters_psx/Models/Female/Character_Female_08.fbx
  * Errors during rewriting import settings:
  * Failed to set all external dependencies in GLTF export and/or import info. This scene may not be imported correctly upon re-import.
  * Errors:
    ** Errors during scene loading:
    WARNING: Dependency res://assets/props/Characters_psx/textures/Character_Female_08.png:res://.godot/imported/Character_Female_08.png-47b252f3059b1d876a6413d22141375b.s3tc.ctex is not mapped to the same path: res://.godot/imported/Character_Female_08.png-47b252f3059b1d876a6413d22141375b.s3tc.ctex (uid://cenx3mrk7fv6i)
       at: GLBExporterInstance::_load_deps (modules\gdsdecomp\exporters\scene_exporter.cpp:1030)
    ** Errors during import parameter setting:
    Dependencies that were not set:
      res://assets/props/Characters_psx/textures/Character_Female_08.png

* res://assets/props/Characters_psx/Models/Female/Character_Female_09.fbx
  * Errors during rewriting import settings:
  * Failed to set all external dependencies in GLTF export and/or import info. This scene may not be imported correctly upon re-import.
  * Errors:
    ** Errors during scene loading:
    WARNING: Dependency res://assets/props/Characters_psx/textures/Character_Female_09.png:res://.godot/imported/Character_Female_09.png-3c3609f08ce0ec4c6b715915e12b86aa.s3tc.ctex is not mapped to the same path: res://.godot/imported/Character_Female_09.png-3c3609f08ce0ec4c6b715915e12b86aa.s3tc.ctex (uid://wwxdc2icbq0k)
       at: GLBExporterInstance::_load_deps (modules\gdsdecomp\exporters\scene_exporter.cpp:1030)
    ** Errors during import parameter setting:
    Dependencies that were not set:
      res://assets/props/Characters_psx/textures/Character_Female_09.png

* res://assets/props/Characters_psx/Models/Female/Character_Female_10.fbx
  * Errors during rewriting import settings:
  * Failed to set all external dependencies in GLTF export and/or import info. This scene may not be imported correctly upon re-import.
  * Errors:
    ** Errors during scene loading:
    WARNING: Dependency res://assets/props/Characters_psx/textures/Character_Female_10.png:res://.godot/imported/Character_Female_10.png-d13220fd9c3f990b023cc1611b9f2a48.s3tc.ctex is not mapped to the same path: res://.godot/imported/Character_Female_10.png-d13220fd9c3f990b023cc1611b9f2a48.s3tc.ctex (uid://hs6nirndqis4)
       at: GLBExporterInstance::_load_deps (modules\gdsdecomp\exporters\scene_exporter.cpp:1030)
    ** Errors during import parameter setting:
    Dependencies that were not set:
      res://assets/props/Characters_psx/textures/Character_Female_10.png

* res://assets/props/Characters_psx/Models/Female/Character_Female_11.fbx
  * Errors during rewriting import settings:
  * Failed to set all external dependencies in GLTF export and/or import info. This scene may not be imported correctly upon re-import.
  * Errors:
    ** Errors during scene loading:
    WARNING: Dependency res://assets/props/Characters_psx/textures/Character_Female_11.png:res://.godot/imported/Character_Female_11.png-4f7f096c20e528b3df9453a9735816cf.s3tc.ctex is not mapped to the same path: res://.godot/imported/Character_Female_11.png-4f7f096c20e528b3df9453a9735816cf.s3tc.ctex (uid://cvena2x74y5lk)
       at: GLBExporterInstance::_load_deps (modules\gdsdecomp\exporters\scene_exporter.cpp:1030)
    ** Errors during import parameter setting:
    Dependencies that were not set:
      res://assets/props/Characters_psx/textures/Character_Female_11.png

* res://assets/props/Characters_psx/Models/Female/Character_Female_12.fbx
  * Errors during rewriting import settings:
  * Failed to set all external dependencies in GLTF export and/or import info. This scene may not be imported correctly upon re-import.
  * Errors:
    ** Errors during scene loading:
    WARNING: Dependency res://assets/props/Characters_psx/textures/Character_Female_12.png:res://.godot/imported/Character_Female_12.png-af5f6b14ea1fef0cd4a22b3328c3556b.s3tc.ctex is not mapped to the same path: res://.godot/imported/Character_Female_12.png-af5f6b14ea1fef0cd4a22b3328c3556b.s3tc.ctex (uid://csuwkbvtt45uq)
       at: GLBExporterInstance::_load_deps (modules\gdsdecomp\exporters\scene_exporter.cpp:1030)
    ** Errors during import parameter setting:
    Dependencies that were not set:
      res://assets/props/Characters_psx/textures/Character_Female_12.png

* res://assets/props/Characters_psx/Models/Female/Character_Female_13.fbx
  * Errors during rewriting import settings:
  * Failed to set all external dependencies in GLTF export and/or import info. This scene may not be imported correctly upon re-import.
  * Errors:
    ** Errors during scene loading:
    WARNING: Dependency res://assets/props/Characters_psx/textures/Character_Female_13.png:res://.godot/imported/Character_Female_13.png-40d5ebc36dd0de3f244e38b7ee0245b6.s3tc.ctex is not mapped to the same path: res://.godot/imported/Character_Female_13.png-40d5ebc36dd0de3f244e38b7ee0245b6.s3tc.ctex (uid://bigyh608mm2lw)
       at: GLBExporterInstance::_load_deps (modules\gdsdecomp\exporters\scene_exporter.cpp:1030)
    ** Errors during import parameter setting:
    Dependencies that were not set:
      res://assets/props/Characters_psx/textures/Character_Female_13.png

* res://assets/props/Characters_psx/Models/Female/Character_Female_14.fbx
  * Errors during rewriting import settings:
  * Failed to set all external dependencies in GLTF export and/or import info. This scene may not be imported correctly upon re-import.
  * Errors:
    ** Errors during scene loading:
    WARNING: Dependency res://assets/props/Characters_psx/textures/Character_Female_14.png:res://.godot/imported/Character_Female_14.png-a6f475f0beadc3ecdec8e4b5ba4c4d1b.s3tc.ctex is not mapped to the same path: res://.godot/imported/Character_Female_14.png-a6f475f0beadc3ecdec8e4b5ba4c4d1b.s3tc.ctex (uid://bc45xg284211v)
       at: GLBExporterInstance::_load_deps (modules\gdsdecomp\exporters\scene_exporter.cpp:1030)
    ** Errors during import parameter setting:
    Dependencies that were not set:
      res://assets/props/Characters_psx/textures/Character_Female_14.png

* res://assets/props/Characters_psx/Models/Female/Character_Female_15.fbx
  * Errors during rewriting import settings:
  * Failed to set all external dependencies in GLTF export and/or import info. This scene may not be imported correctly upon re-import.
  * Errors:
    ** Errors during scene loading:
    WARNING: Dependency res://assets/props/Characters_psx/textures/Character_Female_15.png:res://.godot/imported/Character_Female_15.png-228e8282fdbed3731364bf1d7c9fd0e2.s3tc.ctex is not mapped to the same path: res://.godot/imported/Character_Female_15.png-228e8282fdbed3731364bf1d7c9fd0e2.s3tc.ctex (uid://do8lcx3rsh53u)
       at: GLBExporterInstance::_load_deps (modules\gdsdecomp\exporters\scene_exporter.cpp:1030)
    ** Errors during import parameter setting:
    Dependencies that were not set:
      res://assets/props/Characters_psx/textures/Character_Female_15.png

* res://assets/props/Characters_psx/Models/Female/Character_Female_16.fbx
  * Errors during rewriting import settings:
  * Failed to set all external dependencies in GLTF export and/or import info. This scene may not be imported correctly upon re-import.
  * Errors:
    ** Errors during scene loading:
    WARNING: Dependency res://assets/props/Characters_psx/textures/Character_Female_16.png:res://.godot/imported/Character_Female_16.png-ba76a27a5cc007058129e02a47c09cdf.s3tc.ctex is not mapped to the same path: res://.godot/imported/Character_Female_16.png-ba76a27a5cc007058129e02a47c09cdf.s3tc.ctex (uid://vrx20s4rh7uc)
       at: GLBExporterInstance::_load_deps (modules\gdsdecomp\exporters\scene_exporter.cpp:1030)
    ** Errors during import parameter setting:
    Dependencies that were not set:
      res://assets/props/Characters_psx/textures/Character_Female_16.png

* res://assets/props/Characters_psx/Models/Killers/Character_Killer.fbx
  * Errors during rewriting import settings:
  * Failed to set all external dependencies in GLTF export and/or import info. This scene may not be imported correctly upon re-import.
  * Errors:
    ** Errors during scene loading:
    WARNING: Dependency res://assets/props/Characters_psx/textures/Character_Killer.png:res://.godot/imported/Character_Killer.png-76f6e6b82a7d00246042b4f6b015ddf1.s3tc.ctex is not mapped to the same path: res://.godot/imported/Character_Killer.png-76f6e6b82a7d00246042b4f6b015ddf1.s3tc.ctex (uid://b54d10plpov8t)
       at: GLBExporterInstance::_load_deps (modules\gdsdecomp\exporters\scene_exporter.cpp:1030)
    ** Errors during import parameter setting:
    Dependencies that were not set:
      res://assets/props/Characters_psx/textures/Character_Killer.png

* res://assets/props/Characters_psx/Models/Killers/Character_Killer_01.fbx
  * Errors during rewriting import settings:
  * Failed to set all external dependencies in GLTF export and/or import info. This scene may not be imported correctly upon re-import.
  * Errors:
    ** Errors during scene loading:
    WARNING: Dependency res://assets/props/Characters_psx/textures/Character_Killer_01.png:res://.godot/imported/Character_Killer_01.png-dbf0a5640e1838b19a0c6f76bb926a28.s3tc.ctex is not mapped to the same path: res://.godot/imported/Character_Killer_01.png-dbf0a5640e1838b19a0c6f76bb926a28.s3tc.ctex (uid://dymttxhtkqmto)
       at: GLBExporterInstance::_load_deps (modules\gdsdecomp\exporters\scene_exporter.cpp:1030)
    ** Errors during import parameter setting:
    Dependencies that were not set:
      res://assets/props/Characters_psx/textures/Character_Killer_01.png

* res://assets/props/Characters_psx/Models/Killers/Character_Killer_02.fbx
  * Errors during rewriting import settings:
  * Failed to set all external dependencies in GLTF export and/or import info. This scene may not be imported correctly upon re-import.
  * Errors:
    ** Errors during scene loading:
    WARNING: Dependency res://assets/props/Characters_psx/textures/Character_Killer_02.png:res://.godot/imported/Character_Killer_02.png-41244bcc64b428f41770dd2d0dfe5871.s3tc.ctex is not mapped to the same path: res://.godot/imported/Character_Killer_02.png-41244bcc64b428f41770dd2d0dfe5871.s3tc.ctex (uid://dxi3uhjsw6x0k)
       at: GLBExporterInstance::_load_deps (modules\gdsdecomp\exporters\scene_exporter.cpp:1030)
    ** Errors during import parameter setting:
    Dependencies that were not set:
      res://assets/props/Characters_psx/textures/Character_Killer_02.png

* res://assets/props/Characters_psx/Models/Killers/Character_Killer_03.fbx
  * Errors during rewriting import settings:
  * Failed to set all external dependencies in GLTF export and/or import info. This scene may not be imported correctly upon re-import.
  * Errors:
    ** Errors during scene loading:
    WARNING: Dependency res://assets/props/Characters_psx/textures/Character_Killer_03.png:res://.godot/imported/Character_Killer_03.png-790f26bead414e60189578f094187c2a.s3tc.ctex is not mapped to the same path: res://.godot/imported/Character_Killer_03.png-790f26bead414e60189578f094187c2a.s3tc.ctex (uid://55oy0qsou5vt)
       at: GLBExporterInstance::_load_deps (modules\gdsdecomp\exporters\scene_exporter.cpp:1030)
    ** Errors during import parameter setting:
    Dependencies that were not set:
      res://assets/props/Characters_psx/textures/Character_Killer_03.png

* res://assets/props/Characters_psx/Models/Killers/Character_Killer_04.fbx
  * Errors during rewriting import settings:
  * Failed to set all external dependencies in GLTF export and/or import info. This scene may not be imported correctly upon re-import.
  * Errors:
    ** Errors during scene loading:
    WARNING: Dependency res://assets/props/Characters_psx/textures/Character_Killer_04.png:res://.godot/imported/Character_Killer_04.png-8bae821749779c0d7fe2cff216577869.s3tc.ctex is not mapped to the same path: res://.godot/imported/Character_Killer_04.png-8bae821749779c0d7fe2cff216577869.s3tc.ctex (uid://bj67giqaa6oh6)
       at: GLBExporterInstance::_load_deps (modules\gdsdecomp\exporters\scene_exporter.cpp:1030)
    ** Errors during import parameter setting:
    Dependencies that were not set:
      res://assets/props/Characters_psx/textures/Character_Killer_04.png

* res://assets/props/Characters_psx/Models/Killers/Character_Killer_05.fbx
  * Errors during rewriting import settings:
  * Failed to set all external dependencies in GLTF export and/or import info. This scene may not be imported correctly upon re-import.
  * Errors:
    ** Errors during scene loading:
    WARNING: Dependency res://assets/props/Characters_psx/textures/Character_Killer_05.png:res://.godot/imported/Character_Killer_05.png-51ef1f75a1fb8fecec23c946ca989fe3.s3tc.ctex is not mapped to the same path: res://.godot/imported/Character_Killer_05.png-51ef1f75a1fb8fecec23c946ca989fe3.s3tc.ctex (uid://bop2y2yr6o2jq)
       at: GLBExporterInstance::_load_deps (modules\gdsdecomp\exporters\scene_exporter.cpp:1030)
    ** Errors during import parameter setting:
    Dependencies that were not set:
      res://assets/props/Characters_psx/textures/Character_Killer_05.png

* res://assets/props/Characters_psx/Models/Killers/Character_Killer_06.fbx
  * Errors during rewriting import settings:
  * Failed to set all external dependencies in GLTF export and/or import info. This scene may not be imported correctly upon re-import.
  * Errors:
    ** Errors during scene loading:
    WARNING: Dependency res://assets/props/Characters_psx/textures/Character_Killer_06.png:res://.godot/imported/Character_Killer_06.png-b7f95c2c9d23d0b7ad14c714f4cb2ad1.s3tc.ctex is not mapped to the same path: res://.godot/imported/Character_Killer_06.png-b7f95c2c9d23d0b7ad14c714f4cb2ad1.s3tc.ctex (uid://3wmmka16n154)
       at: GLBExporterInstance::_load_deps (modules\gdsdecomp\exporters\scene_exporter.cpp:1030)
    ** Errors during import parameter setting:
    Dependencies that were not set:
      res://assets/props/Characters_psx/textures/Character_Killer_06.png

* res://assets/props/Characters_psx/Models/Killers/Character_Killer_07.fbx
  * Errors during rewriting import settings:
  * Failed to set all external dependencies in GLTF export and/or import info. This scene may not be imported correctly upon re-import.
  * Errors:
    ** Errors during scene loading:
    WARNING: Dependency res://assets/props/Characters_psx/textures/Character_Killer_07.png:res://.godot/imported/Character_Killer_07.png-1661948ed6b735bbe8e1a4c2db8b286a.s3tc.ctex is not mapped to the same path: res://.godot/imported/Character_Killer_07.png-1661948ed6b735bbe8e1a4c2db8b286a.s3tc.ctex (uid://bx0sqp0cnn42o)
       at: GLBExporterInstance::_load_deps (modules\gdsdecomp\exporters\scene_exporter.cpp:1030)
    ** Errors during import parameter setting:
    Dependencies that were not set:
      res://assets/props/Characters_psx/textures/Character_Killer_07.png

* res://assets/props/Characters_psx/Models/Killers/Character_Monster.fbx
  * Errors during rewriting import settings:
  * Failed to set all external dependencies in GLTF export and/or import info. This scene may not be imported correctly upon re-import.
  * Errors:
    ** Errors during scene loading:
    WARNING: Dependency res://assets/props/Characters_psx/textures/Character_Monster.png:res://.godot/imported/Character_Monster.png-9366eea8411ddd1bb6fb98edfd70fc27.s3tc.ctex is not mapped to the same path: res://.godot/imported/Character_Monster.png-9366eea8411ddd1bb6fb98edfd70fc27.s3tc.ctex (uid://eqsmxw3us7q3)
       at: GLBExporterInstance::_load_deps (modules\gdsdecomp\exporters\scene_exporter.cpp:1030)
    ** Errors during import parameter setting:
    Dependencies that were not set:
      res://assets/props/Characters_psx/textures/Character_Monster.png

* res://assets/props/Characters_psx/Models/Killers/Character_Monster_01.fbx
  * Errors during rewriting import settings:
  * Failed to set all external dependencies in GLTF export and/or import info. This scene may not be imported correctly upon re-import.
  * Errors:
    ** Errors during scene loading:
    WARNING: Dependency res://assets/props/Characters_psx/textures/Character_Monster_01.png:res://.godot/imported/Character_Monster_01.png-f95a49664fd286e6889fea9e14512e75.s3tc.ctex is not mapped to the same path: res://.godot/imported/Character_Monster_01.png-f95a49664fd286e6889fea9e14512e75.s3tc.ctex (uid://xi5034yrnwiy)
       at: GLBExporterInstance::_load_deps (modules\gdsdecomp\exporters\scene_exporter.cpp:1030)
    ** Errors during import parameter setting:
    Dependencies that were not set:
      res://assets/props/Characters_psx/textures/Character_Monster_01.png

* res://assets/props/Characters_psx/Models/Killers/Character_Monster_02.fbx
  * Errors during rewriting import settings:
  * Failed to set all external dependencies in GLTF export and/or import info. This scene may not be imported correctly upon re-import.
  * Errors:
    ** Errors during scene loading:
    WARNING: Dependency res://assets/props/Characters_psx/textures/Character_Monster_02.png:res://.godot/imported/Character_Monster_02.png-623e57ce331d8b47c3a0cbbd47f782af.s3tc.ctex is not mapped to the same path: res://.godot/imported/Character_Monster_02.png-623e57ce331d8b47c3a0cbbd47f782af.s3tc.ctex (uid://db13dlk4lp003)
       at: GLBExporterInstance::_load_deps (modules\gdsdecomp\exporters\scene_exporter.cpp:1030)
    ** Errors during import parameter setting:
    Dependencies that were not set:
      res://assets/props/Characters_psx/textures/Character_Monster_02.png

* res://assets/props/Characters_psx/Models/Killers/Character_Monster_03.fbx
  * Errors during rewriting import settings:
  * Failed to set all external dependencies in GLTF export and/or import info. This scene may not be imported correctly upon re-import.
  * Errors:
    ** Errors during scene loading:
    WARNING: Dependency res://assets/props/Characters_psx/textures/Character_Monster_03.png:res://.godot/imported/Character_Monster_03.png-14c6807d0a13a220554366a129adca7d.s3tc.ctex is not mapped to the same path: res://.godot/imported/Character_Monster_03.png-14c6807d0a13a220554366a129adca7d.s3tc.ctex (uid://bibf220fld351)
       at: GLBExporterInstance::_load_deps (modules\gdsdecomp\exporters\scene_exporter.cpp:1030)
    ** Errors during import parameter setting:
    Dependencies that were not set:
      res://assets/props/Characters_psx/textures/Character_Monster_03.png

* res://assets/props/Characters_psx/Models/Killers/Character_Monster_04.fbx
  * Errors during rewriting import settings:
  * Failed to set all external dependencies in GLTF export and/or import info. This scene may not be imported correctly upon re-import.
  * Errors:
    ** Errors during scene loading:
    WARNING: Dependency res://assets/props/Characters_psx/textures/Character_Monster_04.png:res://.godot/imported/Character_Monster_04.png-6b1e3c3458aa18de59ff8ab854968037.s3tc.ctex is not mapped to the same path: res://.godot/imported/Character_Monster_04.png-6b1e3c3458aa18de59ff8ab854968037.s3tc.ctex (uid://cu06rrk42e1ov)
       at: GLBExporterInstance::_load_deps (modules\gdsdecomp\exporters\scene_exporter.cpp:1030)
    ** Errors during import parameter setting:
    Dependencies that were not set:
      res://assets/props/Characters_psx/textures/Character_Monster_04.png

* res://assets/props/Characters_psx/Models/Killers/Character_Monster_05.fbx
  * Errors during rewriting import settings:
  * Failed to set all external dependencies in GLTF export and/or import info. This scene may not be imported correctly upon re-import.
  * Errors:
    ** Errors during scene loading:
    WARNING: Dependency res://assets/props/Characters_psx/textures/Character_Monster_05.png:res://.godot/imported/Character_Monster_05.png-94917d49fb3d9cf6caa62c7773b69ddb.s3tc.ctex is not mapped to the same path: res://.godot/imported/Character_Monster_05.png-94917d49fb3d9cf6caa62c7773b69ddb.s3tc.ctex (uid://dlbaub2jjnvay)
       at: GLBExporterInstance::_load_deps (modules\gdsdecomp\exporters\scene_exporter.cpp:1030)
    ** Errors during import parameter setting:
    Dependencies that were not set:
      res://assets/props/Characters_psx/textures/Character_Monster_05.png

* res://assets/props/Characters_psx/Models/Male/Character_01.fbx
  * Errors during rewriting import settings:
  * Failed to set all external dependencies in GLTF export and/or import info. This scene may not be imported correctly upon re-import.
  * Errors:
    ** Errors during scene loading:
    WARNING: Dependency res://assets/props/Characters_psx/textures/Character_01.png:res://.godot/imported/Character_01.png-d2f37b24f543addd75a79cb575f3fac5.s3tc.ctex is not mapped to the same path: res://.godot/imported/Character_01.png-d2f37b24f543addd75a79cb575f3fac5.s3tc.ctex (uid://bi3yugds6bjls)
       at: GLBExporterInstance::_load_deps (modules\gdsdecomp\exporters\scene_exporter.cpp:1030)
    ** Errors during import parameter setting:
    Dependencies that were not set:
      res://assets/props/Characters_psx/textures/Character_01.png

* res://assets/props/Characters_psx/Models/Male/Character_02.fbx
  * Errors during rewriting import settings:
  * Failed to set all external dependencies in GLTF export and/or import info. This scene may not be imported correctly upon re-import.
  * Errors:
    ** Errors during scene loading:
    WARNING: Dependency res://assets/props/Characters_psx/textures/Character_02.png:res://.godot/imported/Character_02.png-b65f79624d90d10e276803c1f2dbe4af.s3tc.ctex is not mapped to the same path: res://.godot/imported/Character_02.png-b65f79624d90d10e276803c1f2dbe4af.s3tc.ctex (uid://dr3nq6o51he6)
       at: GLBExporterInstance::_load_deps (modules\gdsdecomp\exporters\scene_exporter.cpp:1030)
    ** Errors during import parameter setting:
    Dependencies that were not set:
      res://assets/props/Characters_psx/textures/Character_02.png

* res://assets/props/Characters_psx/Models/Male/Character_03.fbx
  * Errors during rewriting import settings:
  * Failed to set all external dependencies in GLTF export and/or import info. This scene may not be imported correctly upon re-import.
  * Errors:
    ** Errors during scene loading:
    WARNING: Dependency res://assets/props/Characters_psx/textures/Character_03.png:res://.godot/imported/Character_03.png-42108551642aea5f2e1142fb811ae7f1.s3tc.ctex is not mapped to the same path: res://.godot/imported/Character_03.png-42108551642aea5f2e1142fb811ae7f1.s3tc.ctex (uid://drgq7pepbsmlh)
       at: GLBExporterInstance::_load_deps (modules\gdsdecomp\exporters\scene_exporter.cpp:1030)
    ** Errors during import parameter setting:
    Dependencies that were not set:
      res://assets/props/Characters_psx/textures/Character_03.png

* res://assets/props/Characters_psx/Models/Male/Character_04.fbx
  * Errors during rewriting import settings:
  * Failed to set all external dependencies in GLTF export and/or import info. This scene may not be imported correctly upon re-import.
  * Errors:
    ** Errors during scene loading:
    WARNING: Dependency res://assets/props/Characters_psx/textures/Character_04.png:res://.godot/imported/Character_04.png-82a247f8c8926466ee4778c03c4e86f0.s3tc.ctex is not mapped to the same path: res://.godot/imported/Character_04.png-82a247f8c8926466ee4778c03c4e86f0.s3tc.ctex (uid://ca6tqdkdlnl6b)
       at: GLBExporterInstance::_load_deps (modules\gdsdecomp\exporters\scene_exporter.cpp:1030)
    ** Errors during import parameter setting:
    Dependencies that were not set:
      res://assets/props/Characters_psx/textures/Character_04.png

* res://assets/props/Characters_psx/Models/Male/Character_05.fbx
  * Errors during rewriting import settings:
  * Failed to set all external dependencies in GLTF export and/or import info. This scene may not be imported correctly upon re-import.
  * Errors:
    ** Errors during scene loading:
    WARNING: Dependency res://assets/props/Characters_psx/textures/Character_05.png:res://.godot/imported/Character_05.png-930f1ca83bdf66384093bec44c6f8d9b.s3tc.ctex is not mapped to the same path: res://.godot/imported/Character_05.png-930f1ca83bdf66384093bec44c6f8d9b.s3tc.ctex (uid://5ramcd1ekk71)
       at: GLBExporterInstance::_load_deps (modules\gdsdecomp\exporters\scene_exporter.cpp:1030)
    ** Errors during import parameter setting:
    Dependencies that were not set:
      res://assets/props/Characters_psx/textures/Character_05.png

* res://assets/props/Characters_psx/Models/Male/Character_06.fbx
  * Errors during rewriting import settings:
  * Failed to set all external dependencies in GLTF export and/or import info. This scene may not be imported correctly upon re-import.
  * Errors:
    ** Errors during scene loading:
    WARNING: Dependency res://assets/props/Characters_psx/textures/Character_06.png:res://.godot/imported/Character_06.png-8dd19738fb255bdaf193c4cf293e2d14.s3tc.ctex is not mapped to the same path: res://.godot/imported/Character_06.png-8dd19738fb255bdaf193c4cf293e2d14.s3tc.ctex (uid://d4cqed8ovnfvf)
       at: GLBExporterInstance::_load_deps (modules\gdsdecomp\exporters\scene_exporter.cpp:1030)
    ** Errors during import parameter setting:
    Dependencies that were not set:
      res://assets/props/Characters_psx/textures/Character_06.png

* res://assets/props/Characters_psx/Models/Male/Character_07.fbx
  * Errors during rewriting import settings:
  * Failed to set all external dependencies in GLTF export and/or import info. This scene may not be imported correctly upon re-import.
  * Errors:
    ** Errors during scene loading:
    WARNING: Dependency res://assets/props/Characters_psx/textures/Character_07.png:res://.godot/imported/Character_07.png-f71f7edb9ca98cc274a187015cdf8b80.s3tc.ctex is not mapped to the same path: res://.godot/imported/Character_07.png-f71f7edb9ca98cc274a187015cdf8b80.s3tc.ctex (uid://chsjmi5muola0)
       at: GLBExporterInstance::_load_deps (modules\gdsdecomp\exporters\scene_exporter.cpp:1030)
    ** Errors during import parameter setting:
    Dependencies that were not set:
      res://assets/props/Characters_psx/textures/Character_07.png

* res://assets/props/Characters_psx/Models/Male/Character_08.fbx
  * Errors during rewriting import settings:
  * Failed to set all external dependencies in GLTF export and/or import info. This scene may not be imported correctly upon re-import.
  * Errors:
    ** Errors during scene loading:
    WARNING: Dependency res://assets/props/Characters_psx/textures/Character_08.png:res://.godot/imported/Character_08.png-22d8e6ffc11685fd2750ccbaec061154.s3tc.ctex is not mapped to the same path: res://.godot/imported/Character_08.png-22d8e6ffc11685fd2750ccbaec061154.s3tc.ctex (uid://hcmpm1eke15e)
       at: GLBExporterInstance::_load_deps (modules\gdsdecomp\exporters\scene_exporter.cpp:1030)
    ** Errors during import parameter setting:
    Dependencies that were not set:
      res://assets/props/Characters_psx/textures/Character_08.png

* res://assets/props/Characters_psx/Models/Male/Character_09.fbx
  * Errors during rewriting import settings:
  * Failed to set all external dependencies in GLTF export and/or import info. This scene may not be imported correctly upon re-import.
  * Errors:
    ** Errors during scene loading:
    WARNING: Dependency res://assets/props/Characters_psx/textures/Character_09.png:res://.godot/imported/Character_09.png-d5c49838a2f9c664c520f3e0bd01b397.s3tc.ctex is not mapped to the same path: res://.godot/imported/Character_09.png-d5c49838a2f9c664c520f3e0bd01b397.s3tc.ctex (uid://bit80ym40x0on)
       at: GLBExporterInstance::_load_deps (modules\gdsdecomp\exporters\scene_exporter.cpp:1030)
    ** Errors during import parameter setting:
    Dependencies that were not set:
      res://assets/props/Characters_psx/textures/Character_09.png

* res://assets/props/Characters_psx/Models/Male/Character_10.fbx
  * Errors during rewriting import settings:
  * Failed to set all external dependencies in GLTF export and/or import info. This scene may not be imported correctly upon re-import.
  * Errors:
    ** Errors during scene loading:
    WARNING: Dependency res://assets/props/Characters_psx/textures/Character_10.png:res://.godot/imported/Character_10.png-aa5d642976909a75511be191e589a0f1.s3tc.ctex is not mapped to the same path: res://.godot/imported/Character_10.png-aa5d642976909a75511be191e589a0f1.s3tc.ctex (uid://bncd7ttmedu2g)
       at: GLBExporterInstance::_load_deps (modules\gdsdecomp\exporters\scene_exporter.cpp:1030)
    ** Errors during import parameter setting:
    Dependencies that were not set:
      res://assets/props/Characters_psx/textures/Character_10.png

* res://assets/props/Characters_psx/Models/Male/Character_11.fbx
  * Errors during rewriting import settings:
  * Failed to set all external dependencies in GLTF export and/or import info. This scene may not be imported correctly upon re-import.
  * Errors:
    ** Errors during scene loading:
    WARNING: Dependency res://assets/props/Characters_psx/textures/Character_11.png:res://.godot/imported/Character_11.png-a3cf0c89046f75c15373954ee87c2884.s3tc.ctex is not mapped to the same path: res://.godot/imported/Character_11.png-a3cf0c89046f75c15373954ee87c2884.s3tc.ctex (uid://bbo1igtemx0b8)
       at: GLBExporterInstance::_load_deps (modules\gdsdecomp\exporters\scene_exporter.cpp:1030)
    ** Errors during import parameter setting:
    Dependencies that were not set:
      res://assets/props/Characters_psx/textures/Character_11.png

* res://assets/props/Characters_psx/Models/Male/Character_12.fbx
  * Errors during rewriting import settings:
  * Failed to set all external dependencies in GLTF export and/or import info. This scene may not be imported correctly upon re-import.
  * Errors:
    ** Errors during scene loading:
    WARNING: Dependency res://assets/props/Characters_psx/textures/Character_12.png:res://.godot/imported/Character_12.png-e88bf70ac610d1ca336fced083d4e160.s3tc.ctex is not mapped to the same path: res://.godot/imported/Character_12.png-e88bf70ac610d1ca336fced083d4e160.s3tc.ctex (uid://dup8y3g18lbeq)
       at: GLBExporterInstance::_load_deps (modules\gdsdecomp\exporters\scene_exporter.cpp:1030)
    ** Errors during import parameter setting:
    Dependencies that were not set:
      res://assets/props/Characters_psx/textures/Character_12.png

* res://assets/props/Characters_psx/Models/Male/Character_13.fbx
  * Errors during rewriting import settings:
  * Failed to set all external dependencies in GLTF export and/or import info. This scene may not be imported correctly upon re-import.
  * Errors:
    ** Errors during scene loading:
    WARNING: Dependency res://assets/props/Characters_psx/textures/Character_13.png:res://.godot/imported/Character_13.png-231c77bb451c44c3a0c6d51683e09c70.s3tc.ctex is not mapped to the same path: res://.godot/imported/Character_13.png-231c77bb451c44c3a0c6d51683e09c70.s3tc.ctex (uid://dejajf82kd3h8)
       at: GLBExporterInstance::_load_deps (modules\gdsdecomp\exporters\scene_exporter.cpp:1030)
    ** Errors during import parameter setting:
    Dependencies that were not set:
      res://assets/props/Characters_psx/textures/Character_13.png

* res://assets/props/Characters_psx/Models/Male/Character_14.fbx
  * Errors during rewriting import settings:
  * Failed to set all external dependencies in GLTF export and/or import info. This scene may not be imported correctly upon re-import.
  * Errors:
    ** Errors during scene loading:
    WARNING: Dependency res://assets/props/Characters_psx/textures/Character_14.png:res://.godot/imported/Character_14.png-a8c99ffe9c08bf3680bacc3d99b863fb.s3tc.ctex is not mapped to the same path: res://.godot/imported/Character_14.png-a8c99ffe9c08bf3680bacc3d99b863fb.s3tc.ctex (uid://du3y4la3b5iy1)
       at: GLBExporterInstance::_load_deps (modules\gdsdecomp\exporters\scene_exporter.cpp:1030)
    ** Errors during import parameter setting:
    Dependencies that were not set:
      res://assets/props/Characters_psx/textures/Character_14.png

* res://assets/props/Characters_psx/Models/Male/Character_15.fbx
  * Errors during rewriting import settings:
  * Failed to set all external dependencies in GLTF export and/or import info. This scene may not be imported correctly upon re-import.
  * Errors:
    ** Errors during scene loading:
    WARNING: Dependency res://assets/props/Characters_psx/textures/Character_15.png:res://.godot/imported/Character_15.png-cad4399dea7585c59feb57dbc59992bb.s3tc.ctex is not mapped to the same path: res://.godot/imported/Character_15.png-cad4399dea7585c59feb57dbc59992bb.s3tc.ctex (uid://bbqdvqkl2bmd2)
       at: GLBExporterInstance::_load_deps (modules\gdsdecomp\exporters\scene_exporter.cpp:1030)
    ** Errors during import parameter setting:
    Dependencies that were not set:
      res://assets/props/Characters_psx/textures/Character_15.png

* res://assets/props/Characters_psx/Models/Male/Character_16.fbx
  * Errors during rewriting import settings:
  * Failed to set all external dependencies in GLTF export and/or import info. This scene may not be imported correctly upon re-import.
  * Errors:
    ** Errors during scene loading:
    WARNING: Dependency res://assets/props/Characters_psx/textures/Character_16.png:res://.godot/imported/Character_16.png-9f641fb3451730595ba71457cd989aa5.s3tc.ctex is not mapped to the same path: res://.godot/imported/Character_16.png-9f641fb3451730595ba71457cd989aa5.s3tc.ctex (uid://cm7uxnbm4kpnv)
       at: GLBExporterInstance::_load_deps (modules\gdsdecomp\exporters\scene_exporter.cpp:1030)
    ** Errors during import parameter setting:
    Dependencies that were not set:
      res://assets/props/Characters_psx/textures/Character_16.png

* res://assets/props/Characters_psx/Models/Male/Character_17_Police.fbx
  * Errors during rewriting import settings:
  * Failed to set all external dependencies in GLTF export and/or import info. This scene may not be imported correctly upon re-import.
  * Errors:
    ** Errors during scene loading:
    WARNING: Dependency res://assets/props/Characters_psx/textures/Character_17_Police.png:res://.godot/imported/Character_17_Police.png-210fa8e1a6b415c15afd0f8b9e38f6df.s3tc.ctex is not mapped to the same path: res://.godot/imported/Character_17_Police.png-210fa8e1a6b415c15afd0f8b9e38f6df.s3tc.ctex (uid://dwwvjfi4vboxw)
       at: GLBExporterInstance::_load_deps (modules\gdsdecomp\exporters\scene_exporter.cpp:1030)
    ** Errors during import parameter setting:
    Dependencies that were not set:
      res://assets/props/Characters_psx/textures/Character_17_Police.png

* res://assets/props/Characters_psx/Models/Male/Character_18_Police.fbx
  * Errors during rewriting import settings:
  * Failed to set all external dependencies in GLTF export and/or import info. This scene may not be imported correctly upon re-import.
  * Errors:
    ** Errors during scene loading:
    WARNING: Dependency res://assets/props/Characters_psx/textures/Character_18_Police.png:res://.godot/imported/Character_18_Police.png-067048fb69cb44dbe7e9eba548def4e2.s3tc.ctex is not mapped to the same path: res://.godot/imported/Character_18_Police.png-067048fb69cb44dbe7e9eba548def4e2.s3tc.ctex (uid://bghd1lmd6dd0n)
       at: GLBExporterInstance::_load_deps (modules\gdsdecomp\exporters\scene_exporter.cpp:1030)
    ** Errors during import parameter setting:
    Dependencies that were not set:
      res://assets/props/Characters_psx/textures/Character_18_Police.png

* res://assets/props/Characters_psx/Models/Male/Character_19_Police.fbx
  * Errors during rewriting import settings:
  * Failed to set all external dependencies in GLTF export and/or import info. This scene may not be imported correctly upon re-import.
  * Errors:
    ** Errors during scene loading:
    WARNING: Dependency res://assets/props/Characters_psx/textures/Character_19_Police.png:res://.godot/imported/Character_19_Police.png-842f403875c5fe4018c593d9cb6a879d.s3tc.ctex is not mapped to the same path: res://.godot/imported/Character_19_Police.png-842f403875c5fe4018c593d9cb6a879d.s3tc.ctex (uid://bhpqiqequq3dt)
       at: GLBExporterInstance::_load_deps (modules\gdsdecomp\exporters\scene_exporter.cpp:1030)
    ** Errors during import parameter setting:
    Dependencies that were not set:
      res://assets/props/Characters_psx/textures/Character_19_Police.png

* res://assets/props/Characters_psx/Models/Male/Character_20_Police.fbx
  * Errors during rewriting import settings:
  * Failed to set all external dependencies in GLTF export and/or import info. This scene may not be imported correctly upon re-import.
  * Errors:
    ** Errors during scene loading:
    WARNING: Dependency res://assets/props/Characters_psx/textures/Character_20_Police.png:res://.godot/imported/Character_20_Police.png-cc20470d860230bc0c3fe5867b9161c9.s3tc.ctex is not mapped to the same path: res://.godot/imported/Character_20_Police.png-cc20470d860230bc0c3fe5867b9161c9.s3tc.ctex (uid://tnhrl0kuanlw)
       at: GLBExporterInstance::_load_deps (modules\gdsdecomp\exporters\scene_exporter.cpp:1030)
    ** Errors during import parameter setting:
    Dependencies that were not set:
      res://assets/props/Characters_psx/textures/Character_20_Police.png

* res://assets/props/Characters_psx/Models/Male/Character_21_Police.fbx
  * Errors during rewriting import settings:
  * Failed to set all external dependencies in GLTF export and/or import info. This scene may not be imported correctly upon re-import.
  * Errors:
    ** Errors during scene loading:
    WARNING: Dependency res://assets/props/Characters_psx/textures/Character_21_Police.png:res://.godot/imported/Character_21_Police.png-d42e19b063d5206053316d4ed3ee1fd2.s3tc.ctex is not mapped to the same path: res://.godot/imported/Character_21_Police.png-d42e19b063d5206053316d4ed3ee1fd2.s3tc.ctex (uid://bmd8kapxxkscy)
       at: GLBExporterInstance::_load_deps (modules\gdsdecomp\exporters\scene_exporter.cpp:1030)
    ** Errors during import parameter setting:
    Dependencies that were not set:
      res://assets/props/Characters_psx/textures/Character_21_Police.png

* res://assets/props/Characters_psx/Models/Male/Character_22_Police.fbx
  * Errors during rewriting import settings:
  * Failed to set all external dependencies in GLTF export and/or import info. This scene may not be imported correctly upon re-import.
  * Errors:
    ** Errors during scene loading:
    WARNING: Dependency res://assets/props/Characters_psx/textures/Character_22_Police.png:res://.godot/imported/Character_22_Police.png-d3acf0019f5aa8498c88841c1d94c70e.s3tc.ctex is not mapped to the same path: res://.godot/imported/Character_22_Police.png-d3acf0019f5aa8498c88841c1d94c70e.s3tc.ctex (uid://cdkxaee7ooq7r)
       at: GLBExporterInstance::_load_deps (modules\gdsdecomp\exporters\scene_exporter.cpp:1030)
    ** Errors during import parameter setting:
    Dependencies that were not set:
      res://assets/props/Characters_psx/textures/Character_22_Police.png

* res://assets/props/Characters_psx/Models/Male/Character_23_Firefighter.fbx
  * Errors during rewriting import settings:
  * Failed to set all external dependencies in GLTF export and/or import info. This scene may not be imported correctly upon re-import.
  * Errors:
    ** Errors during scene loading:
    WARNING: Dependency res://assets/props/Characters_psx/textures/Character_23_Firefighter.png:res://.godot/imported/Character_23_Firefighter.png-fea2791e593847a834a377a601b204ba.s3tc.ctex is not mapped to the same path: res://.godot/imported/Character_23_Firefighter.png-fea2791e593847a834a377a601b204ba.s3tc.ctex (uid://bq0br6xyyo581)
       at: GLBExporterInstance::_load_deps (modules\gdsdecomp\exporters\scene_exporter.cpp:1030)
    ** Errors during import parameter setting:
    Dependencies that were not set:
      res://assets/props/Characters_psx/textures/Character_23_Firefighter.png

* res://assets/props/Characters_psx/Models/Male/Character_24_Firefighter.fbx
  * Errors during rewriting import settings:
  * Failed to set all external dependencies in GLTF export and/or import info. This scene may not be imported correctly upon re-import.
  * Errors:
    ** Errors during scene loading:
    WARNING: Dependency res://assets/props/Characters_psx/textures/Character_24_Firefighter.png:res://.godot/imported/Character_24_Firefighter.png-fc691168d1d22feb7d7ec47de1a87b21.s3tc.ctex is not mapped to the same path: res://.godot/imported/Character_24_Firefighter.png-fc691168d1d22feb7d7ec47de1a87b21.s3tc.ctex (uid://c2o8pl5b675xo)
       at: GLBExporterInstance::_load_deps (modules\gdsdecomp\exporters\scene_exporter.cpp:1030)
    ** Errors during import parameter setting:
    Dependencies that were not set:
      res://assets/props/Characters_psx/textures/Character_24_Firefighter.png

* res://assets/props/Characters_psx/Models/Male/Character_25_Doctor.fbx
  * Errors during rewriting import settings:
  * Failed to set all external dependencies in GLTF export and/or import info. This scene may not be imported correctly upon re-import.
  * Errors:
    ** Errors during scene loading:
    WARNING: Dependency res://assets/props/Characters_psx/textures/Character_25_Doctor.png:res://.godot/imported/Character_25_Doctor.png-b00f10fb6d6834ce6b615aa3d6c07d43.s3tc.ctex is not mapped to the same path: res://.godot/imported/Character_25_Doctor.png-b00f10fb6d6834ce6b615aa3d6c07d43.s3tc.ctex (uid://bojl8tprlwtr2)
       at: GLBExporterInstance::_load_deps (modules\gdsdecomp\exporters\scene_exporter.cpp:1030)
    ** Errors during import parameter setting:
    Dependencies that were not set:
      res://assets/props/Characters_psx/textures/Character_25_Doctor.png

* res://assets/props/Characters_psx/Models/Male/Character_26_Doctor.fbx
  * Errors during rewriting import settings:
  * Failed to set all external dependencies in GLTF export and/or import info. This scene may not be imported correctly upon re-import.
  * Errors:
    ** Errors during scene loading:
    WARNING: Dependency res://assets/props/Characters_psx/textures/Character_26_Doctor.png:res://.godot/imported/Character_26_Doctor.png-4b78a4246f2bd47d53273e0604da0a8f.s3tc.ctex is not mapped to the same path: res://.godot/imported/Character_26_Doctor.png-4b78a4246f2bd47d53273e0604da0a8f.s3tc.ctex (uid://bk7lh0jhydhx1)
       at: GLBExporterInstance::_load_deps (modules\gdsdecomp\exporters\scene_exporter.cpp:1030)
    ** Errors during import parameter setting:
    Dependencies that were not set:
      res://assets/props/Characters_psx/textures/Character_26_Doctor.png

* res://assets/props/Characters_psx/Models/Male/Character_27_HM.fbx
  * Errors during rewriting import settings:
  * Failed to set all external dependencies in GLTF export and/or import info. This scene may not be imported correctly upon re-import.
  * Errors:
    ** Errors during scene loading:
    WARNING: Dependency res://assets/props/Characters_psx/textures/Character_27_HM.png:res://.godot/imported/Character_27_HM.png-1aff2c8691e940e34a2501805137797d.s3tc.ctex is not mapped to the same path: res://.godot/imported/Character_27_HM.png-1aff2c8691e940e34a2501805137797d.s3tc.ctex (uid://d4an4kwls5eeq)
       at: GLBExporterInstance::_load_deps (modules\gdsdecomp\exporters\scene_exporter.cpp:1030)
    ** Errors during import parameter setting:
    Dependencies that were not set:
      res://assets/props/Characters_psx/textures/Character_27_HM.png

* res://assets/props/Characters_psx/Models/Male/Character_28_HM.fbx
  * Errors during rewriting import settings:
  * Failed to set all external dependencies in GLTF export and/or import info. This scene may not be imported correctly upon re-import.
  * Errors:
    ** Errors during scene loading:
    WARNING: Dependency res://assets/props/Characters_psx/textures/Character_28_HM.png:res://.godot/imported/Character_28_HM.png-f62b4db9b9ebdc106c2057e09acab627.s3tc.ctex is not mapped to the same path: res://.godot/imported/Character_28_HM.png-f62b4db9b9ebdc106c2057e09acab627.s3tc.ctex (uid://qfndmh66xb2x)
       at: GLBExporterInstance::_load_deps (modules\gdsdecomp\exporters\scene_exporter.cpp:1030)
    ** Errors during import parameter setting:
    Dependencies that were not set:
      res://assets/props/Characters_psx/textures/Character_28_HM.png

* res://assets/props/Characters_psx/Models/Male/Character_29.fbx
  * Errors during rewriting import settings:
  * Failed to set all external dependencies in GLTF export and/or import info. This scene may not be imported correctly upon re-import.
  * Errors:
    ** Errors during scene loading:
    WARNING: Dependency res://assets/props/Characters_psx/textures/Character_29.png:res://.godot/imported/Character_29.png-d13167a660acb16668feb214caf53bb9.s3tc.ctex is not mapped to the same path: res://.godot/imported/Character_29.png-d13167a660acb16668feb214caf53bb9.s3tc.ctex (uid://0v2d6ddniee0)
       at: GLBExporterInstance::_load_deps (modules\gdsdecomp\exporters\scene_exporter.cpp:1030)
    ** Errors during import parameter setting:
    Dependencies that were not set:
      res://assets/props/Characters_psx/textures/Character_29.png

* res://assets/props/Characters_psx/Models/Male/Character_30.fbx
  * Errors during rewriting import settings:
  * Failed to set all external dependencies in GLTF export and/or import info. This scene may not be imported correctly upon re-import.
  * Errors:
    ** Errors during scene loading:
    WARNING: Dependency res://assets/props/Characters_psx/textures/Character_30.png:res://.godot/imported/Character_30.png-da75bb6822d3bb51120d805831bfb45e.s3tc.ctex is not mapped to the same path: res://.godot/imported/Character_30.png-da75bb6822d3bb51120d805831bfb45e.s3tc.ctex (uid://de3hif6gunf4k)
       at: GLBExporterInstance::_load_deps (modules\gdsdecomp\exporters\scene_exporter.cpp:1030)
    ** Errors during import parameter setting:
    Dependencies that were not set:
      res://assets/props/Characters_psx/textures/Character_30.png

* res://assets/props/Characters_psx/Models/Male/Character_31.fbx
  * Errors during rewriting import settings:
  * Failed to set all external dependencies in GLTF export and/or import info. This scene may not be imported correctly upon re-import.
  * Errors:
    ** Errors during scene loading:
    WARNING: Dependency res://assets/props/Characters_psx/textures/Character_31.png:res://.godot/imported/Character_31.png-4567dead7eb6289cd81856811d350189.s3tc.ctex is not mapped to the same path: res://.godot/imported/Character_31.png-4567dead7eb6289cd81856811d350189.s3tc.ctex (uid://dgyh4ulm4q4p8)
       at: GLBExporterInstance::_load_deps (modules\gdsdecomp\exporters\scene_exporter.cpp:1030)
    ** Errors during import parameter setting:
    Dependencies that were not set:
      res://assets/props/Characters_psx/textures/Character_31.png

* res://assets/props/Characters_psx/Models/Male/Character_32.fbx
  * Errors during rewriting import settings:
  * Failed to set all external dependencies in GLTF export and/or import info. This scene may not be imported correctly upon re-import.
  * Errors:
    ** Errors during scene loading:
    WARNING: Dependency res://assets/props/Characters_psx/textures/Character_32.png:res://.godot/imported/Character_32.png-1214f0fe7dca33326e2e89db206d875a.s3tc.ctex is not mapped to the same path: res://.godot/imported/Character_32.png-1214f0fe7dca33326e2e89db206d875a.s3tc.ctex (uid://5m1jwshyndcg)
       at: GLBExporterInstance::_load_deps (modules\gdsdecomp\exporters\scene_exporter.cpp:1030)
    ** Errors during import parameter setting:
    Dependencies that were not set:
      res://assets/props/Characters_psx/textures/Character_32.png

* res://assets/props/Objects_Interior(Village)_Demo/Models/Objects_Interior(Village)_Demo.fbx
  * Errors during GLTF conversion
  * Errors:
    ** Errors during scene loading:
    WARNING: Dependency res://assets/props/Objects_Interior(Village)_Demo/textures/Wood.jpg:res://.godot/imported/Wood.jpg-2de8024ad2924731055fad0fcae67f5c.s3tc.ctex is not mapped to the same path: res://.godot/imported/Wood.jpg-2de8024ad2924731055fad0fcae67f5c.s3tc.ctex (uid://bkegamf8jq54f)
       at: GLBExporterInstance::_load_deps (modules\gdsdecomp\exporters\scene_exporter.cpp:1030)
    WARNING: Dependency res://assets/props/Objects_Interior(Village)_Demo/textures/Wood_01.jpg:res://.godot/imported/Wood_01.jpg-60aefa6a04c6394f8699ab67856a1d7c.s3tc.ctex is not mapped to the same path: res://.godot/imported/Wood_01.jpg-60aefa6a04c6394f8699ab67856a1d7c.s3tc.ctex (uid://dlpoucqwqbjws)
       at: GLBExporterInstance::_load_deps (modules\gdsdecomp\exporters\scene_exporter.cpp:1030)
    WARNING: Dependency res://assets/props/Objects_Interior(Village)_Demo/textures/WallpaperForties.jpg:res://.godot/imported/WallpaperForties.jpg-13952dffc324e00fe504a9b77ca5dae7.s3tc.ctex is not mapped to the same path: res://.godot/imported/WallpaperForties.jpg-13952dffc324e00fe504a9b77ca5dae7.s3tc.ctex (uid://bitkkiufkpbl2)
       at: GLBExporterInstance::_load_deps (modules\gdsdecomp\exporters\scene_exporter.cpp:1030)
    WARNING: Dependency res://assets/props/Objects_Interior(Village)_Demo/textures/Tiles.jpg:res://.godot/imported/Tiles.jpg-7efb27d800cdf0def06186ab4fb545f7.s3tc.ctex is not mapped to the same path: res://.godot/imported/Tiles.jpg-7efb27d800cdf0def06186ab4fb545f7.s3tc.ctex (uid://mymfkhv3m4xg)
       at: GLBExporterInstance::_load_deps (modules\gdsdecomp\exporters\scene_exporter.cpp:1030)
    WARNING: Dependency res://assets/props/Objects_Interior(Village)_Demo/textures/Concrete.jpg:res://.godot/imported/Concrete.jpg-e5c02a7c7a0686b1559ba2b98e7df2c9.s3tc.ctex is not mapped to the same path: res://.godot/imported/Concrete.jpg-e5c02a7c7a0686b1559ba2b98e7df2c9.s3tc.ctex (uid://bwhc8s05oopo2)
       at: GLBExporterInstance::_load_deps (modules\gdsdecomp\exporters\scene_exporter.cpp:1030)
    WARNING: Dependency res://assets/props/Objects_Interior(Village)_Demo/textures/Tiles_01.png:res://.godot/imported/Tiles_01.png-220600d7ec0d7bf67482892e560e3d85.s3tc.ctex is not mapped to the same path: res://.godot/imported/Tiles_01.png-220600d7ec0d7bf67482892e560e3d85.s3tc.ctex (uid://bkkeypm1occii)
       at: GLBExporterInstance::_load_deps (modules\gdsdecomp\exporters\scene_exporter.cpp:1030)
    WARNING: Dependency res://assets/props/Objects_Interior(Village)_Demo/textures/Wood_02.jpg:res://.godot/imported/Wood_02.jpg-4c6b405abf885633da446e876596cb5d.s3tc.ctex is not mapped to the same path: res://.godot/imported/Wood_02.jpg-4c6b405abf885633da446e876596cb5d.s3tc.ctex (uid://dnfb32hgs7w1x)
       at: GLBExporterInstance::_load_deps (modules\gdsdecomp\exporters\scene_exporter.cpp:1030)
    WARNING: Dependency res://assets/props/Objects_Interior(Village)_Demo/textures/Rooftiles.png:res://.godot/imported/Rooftiles.png-abd17fd0f79354b80fc4ee378588d4a0.s3tc.ctex is not mapped to the same path: res://.godot/imported/Rooftiles.png-abd17fd0f79354b80fc4ee378588d4a0.s3tc.ctex (uid://bcltnrfop5p8q)
       at: GLBExporterInstance::_load_deps (modules\gdsdecomp\exporters\scene_exporter.cpp:1030)
    WARNING: Dependency res://assets/props/Objects_Interior(Village)_Demo/textures/Concrete_01.png:res://.godot/imported/Concrete_01.png-a13bf596a622fc3b7a4e6f7429c0b64f.s3tc.ctex is not mapped to the same path: res://.godot/imported/Concrete_01.png-a13bf596a622fc3b7a4e6f7429c0b64f.s3tc.ctex (uid://d0jvhll5crxdy)
       at: GLBExporterInstance::_load_deps (modules\gdsdecomp\exporters\scene_exporter.cpp:1030)
    WARNING: Dependency res://assets/props/Objects_Interior(Village)_Demo/textures/RooftilesSlate.jpg:res://.godot/imported/RooftilesSlate.jpg-937d555efd60ebb79e8d5efc73db2d89.s3tc.ctex is not mapped to the same path: res://.godot/imported/RooftilesSlate.jpg-937d555efd60ebb79e8d5efc73db2d89.s3tc.ctex (uid://7lgwke41jw4j)
       at: GLBExporterInstance::_load_deps (modules\gdsdecomp\exporters\scene_exporter.cpp:1030)
    WARNING: Dependency res://assets/props/Objects_Interior(Village)_Demo/textures/Wood_03.jpg:res://.godot/imported/Wood_03.jpg-39e4b7b4d6ac4de40ddf498225d32729.s3tc.ctex is not mapped to the same path: res://.godot/imported/Wood_03.jpg-39e4b7b4d6ac4de40ddf498225d32729.s3tc.ctex (uid://b1qxer5hck6my)
       at: GLBExporterInstance::_load_deps (modules\gdsdecomp\exporters\scene_exporter.cpp:1030)
    WARNING: Dependency res://assets/props/Objects_Interior(Village)_Demo/textures/Cupboard.png:res://.godot/imported/Cupboard.png-d0087b864b38038b75987d39e8078064.s3tc.ctex is not mapped to the same path: res://.godot/imported/Cupboard.png-d0087b864b38038b75987d39e8078064.s3tc.ctex (uid://1bgha3tnf8w7)
       at: GLBExporterInstance::_load_deps (modules\gdsdecomp\exporters\scene_exporter.cpp:1030)
    WARNING: Dependency res://assets/props/Objects_Interior(Village)_Demo/textures/Marble.jpg:res://.godot/imported/Marble.jpg-5dc94cafe8e8f0aea1f9f126ef058b64.s3tc.ctex is not mapped to the same path: res://.godot/imported/Marble.jpg-5dc94cafe8e8f0aea1f9f126ef058b64.s3tc.ctex (uid://cu5h6n0e0yohp)
       at: GLBExporterInstance::_load_deps (modules\gdsdecomp\exporters\scene_exporter.cpp:1030)
    WARNING: Dependency res://assets/props/Objects_Interior(Village)_Demo/textures/Metal.jpg:res://.godot/imported/Metal.jpg-3d5f6eceb873a1387fccc092ebdcfb1c.s3tc.ctex is not mapped to the same path: res://.godot/imported/Metal.jpg-3d5f6eceb873a1387fccc092ebdcfb1c.s3tc.ctex (uid://d0f46od2ogupj)
       at: GLBExporterInstance::_load_deps (modules\gdsdecomp\exporters\scene_exporter.cpp:1030)
    WARNING: Dependency res://assets/props/Objects_Interior(Village)_Demo/textures/Stove.jpg:res://.godot/imported/Stove.jpg-ff56a35e2d6380835c0b09f050d8e139.s3tc.ctex is not mapped to the same path: res://.godot/imported/Stove.jpg-ff56a35e2d6380835c0b09f050d8e139.s3tc.ctex (uid://1rvbtvs47csj)
       at: GLBExporterInstance::_load_deps (modules\gdsdecomp\exporters\scene_exporter.cpp:1030)
    WARNING: Dependency res://assets/props/Objects_Interior(Village)_Demo/textures/Cupboard_01.png:res://.godot/imported/Cupboard_01.png-28cfa236a7021577929b35359f1080ca.s3tc.ctex is not mapped to the same path: res://.godot/imported/Cupboard_01.png-28cfa236a7021577929b35359f1080ca.s3tc.ctex (uid://484vcrsl3yq8)
       at: GLBExporterInstance::_load_deps (modules\gdsdecomp\exporters\scene_exporter.cpp:1030)
    WARNING: Dependency res://assets/props/Objects_Interior(Village)_Demo/textures/Wood_04.jpg:res://.godot/imported/Wood_04.jpg-df4cc0744b3234610aff1efd9f5b631a.s3tc.ctex is not mapped to the same path: res://.godot/imported/Wood_04.jpg-df4cc0744b3234610aff1efd9f5b631a.s3tc.ctex (uid://co1gd0ibm06co)
       at: GLBExporterInstance::_load_deps (modules\gdsdecomp\exporters\scene_exporter.cpp:1030)
    WARNING: Dependency res://assets/props/Objects_Interior(Village)_Demo/textures/Wood_05.jpg:res://.godot/imported/Wood_05.jpg-e0c32c4d9f624fc8047e4931e31dc131.s3tc.ctex is not mapped to the same path: res://.godot/imported/Wood_05.jpg-e0c32c4d9f624fc8047e4931e31dc131.s3tc.ctex (uid://mgn1o4h06rov)
       at: GLBExporterInstance::_load_deps (modules\gdsdecomp\exporters\scene_exporter.cpp:1030)
    WARNING: Dependency res://assets/props/Objects_Interior(Village)_Demo/textures/Fabric.jpg:res://.godot/imported/Fabric.jpg-5de2776d3c8aa6cc2c4037b9c5fa6de4.s3tc.ctex is not mapped to the same path: res://.godot/imported/Fabric.jpg-5de2776d3c8aa6cc2c4037b9c5fa6de4.s3tc.ctex (uid://cegvy6nhuy5cg)
       at: GLBExporterInstance::_load_deps (modules\gdsdecomp\exporters\scene_exporter.cpp:1030)
    WARNING: Dependency res://assets/props/Objects_Interior(Village)_Demo/textures/Door.jpg:res://.godot/imported/Door.jpg-a9481960d3e91d3a514271164d32f4ce.s3tc.ctex is not mapped to the same path: res://.godot/imported/Door.jpg-a9481960d3e91d3a514271164d32f4ce.s3tc.ctex (uid://r1dm6b2rjs60)
       at: GLBExporterInstance::_load_deps (modules\gdsdecomp\exporters\scene_exporter.cpp:1030)
    WARNING: Dependency res://assets/props/Objects_Interior(Village)_Demo/textures/bed.png:res://.godot/imported/bed.png-7530ba7e0d97fcb2eae436dbe29df65f.s3tc.ctex is not mapped to the same path: res://.godot/imported/bed.png-7530ba7e0d97fcb2eae436dbe29df65f.s3tc.ctex (uid://385wbt0pq0en)
       at: GLBExporterInstance::_load_deps (modules\gdsdecomp\exporters\scene_exporter.cpp:1030)
    WARNING: Dependency res://assets/props/Objects_Interior(Village)_Demo/textures/Chest_drawers.png:res://.godot/imported/Chest_drawers.png-62ddb54f260d84cd16e1b3a60beed0bf.s3tc.ctex is not mapped to the same path: res://.godot/imported/Chest_drawers.png-62ddb54f260d84cd16e1b3a60beed0bf.s3tc.ctex (uid://nn2dai85lhcy)
       at: GLBExporterInstance::_load_deps (modules\gdsdecomp\exporters\scene_exporter.cpp:1030)
    WARNING: Dependency res://assets/props/Objects_Interior(Village)_Demo/textures/Lamp.png:res://.godot/imported/Lamp.png-29417392b953b038c6e26aa9b11526b6.s3tc.ctex is not mapped to the same path: res://.godot/imported/Lamp.png-29417392b953b038c6e26aa9b11526b6.s3tc.ctex (uid://ddgjvd05wymhn)
       at: GLBExporterInstance::_load_deps (modules\gdsdecomp\exporters\scene_exporter.cpp:1030)
    WARNING: Dependency res://assets/props/Objects_Interior(Village)_Demo/textures/Lamp_Emissor.png:res://.godot/imported/Lamp_Emissor.png-e006983caf40f4595e749b000ed75a57.s3tc.ctex is not mapped to the same path: res://.godot/imported/Lamp_Emissor.png-e006983caf40f4595e749b000ed75a57.s3tc.ctex (uid://1racwcx18jww)
       at: GLBExporterInstance::_load_deps (modules\gdsdecomp\exporters\scene_exporter.cpp:1030)
    WARNING: Dependency res://assets/props/Objects_Interior(Village)_Demo/textures/Refrigerator.png:res://.godot/imported/Refrigerator.png-6aeafe0bac1d95a65be1b3bd7591b880.s3tc.ctex is not mapped to the same path: res://.godot/imported/Refrigerator.png-6aeafe0bac1d95a65be1b3bd7591b880.s3tc.ctex (uid://bhcxkly3ytdds)
       at: GLBExporterInstance::_load_deps (modules\gdsdecomp\exporters\scene_exporter.cpp:1030)
    WARNING: Dependency res://assets/props/Objects_Interior(Village)_Demo/textures/Phone.png:res://.godot/imported/Phone.png-d87f9d5db1b92573d624c42db0ff144f.s3tc.ctex is not mapped to the same path: res://.godot/imported/Phone.png-d87f9d5db1b92573d624c42db0ff144f.s3tc.ctex (uid://cit0xmdb6rlnc)
       at: GLBExporterInstance::_load_deps (modules\gdsdecomp\exporters\scene_exporter.cpp:1030)
    WARNING: Dependency res://assets/props/Objects_Interior(Village)_Demo/textures/Phone_01.png:res://.godot/imported/Phone_01.png-077a1cc44f565703c8df8f468065a551.s3tc.ctex is not mapped to the same path: res://.godot/imported/Phone_01.png-077a1cc44f565703c8df8f468065a551.s3tc.ctex (uid://bses3ansegmoi)
       at: GLBExporterInstance::_load_deps (modules\gdsdecomp\exporters\scene_exporter.cpp:1030)
    WARNING: Dependency res://assets/props/Objects_Interior(Village)_Demo/textures/Radio.png:res://.godot/imported/Radio.png-c326c7eb822a9e5fcd751e195bac684d.s3tc.ctex is not mapped to the same path: res://.godot/imported/Radio.png-c326c7eb822a9e5fcd751e195bac684d.s3tc.ctex (uid://bio5se6h73h1s)
       at: GLBExporterInstance::_load_deps (modules\gdsdecomp\exporters\scene_exporter.cpp:1030)
    WARNING: Dependency res://assets/props/Objects_Interior(Village)_Demo/textures/Radio_01.png:res://.godot/imported/Radio_01.png-6a33034b7621ab3fade3d6de0d59bb87.s3tc.ctex is not mapped to the same path: res://.godot/imported/Radio_01.png-6a33034b7621ab3fade3d6de0d59bb87.s3tc.ctex (uid://3pwot48ncvt2)
       at: GLBExporterInstance::_load_deps (modules\gdsdecomp\exporters\scene_exporter.cpp:1030)
    WARNING: Dependency res://assets/props/Objects_Interior(Village)_Demo/textures/Radio_02.png:res://.godot/imported/Radio_02.png-b8267b75eba8a4247b34ab7ee9769802.s3tc.ctex is not mapped to the same path: res://.godot/imported/Radio_02.png-b8267b75eba8a4247b34ab7ee9769802.s3tc.ctex (uid://cdxsahss6ipqg)
       at: GLBExporterInstance::_load_deps (modules\gdsdecomp\exporters\scene_exporter.cpp:1030)
    WARNING: Dependency res://assets/props/Objects_Interior(Village)_Demo/textures/Desk_lamp.png:res://.godot/imported/Desk_lamp.png-a76eecd669d8fccd671be43daf5aedd5.s3tc.ctex is not mapped to the same path: res://.godot/imported/Desk_lamp.png-a76eecd669d8fccd671be43daf5aedd5.s3tc.ctex (uid://ccor64xkbocxl)
       at: GLBExporterInstance::_load_deps (modules\gdsdecomp\exporters\scene_exporter.cpp:1030)
    WARNING: Dependency res://assets/props/Objects_Interior(Village)_Demo/textures/Desk_lamp_01.png:res://.godot/imported/Desk_lamp_01.png-5eef338ee3db8bbd147b66ec073f6e27.s3tc.ctex is not mapped to the same path: res://.godot/imported/Desk_lamp_01.png-5eef338ee3db8bbd147b66ec073f6e27.s3tc.ctex (uid://bwq02cfq6de66)
       at: GLBExporterInstance::_load_deps (modules\gdsdecomp\exporters\scene_exporter.cpp:1030)
    WARNING: Dependency res://assets/props/Objects_Interior(Village)_Demo/textures/Alarm_clock.png:res://.godot/imported/Alarm_clock.png-b88476341f77d14a15be6f5d6e36157e.s3tc.ctex is not mapped to the same path: res://.godot/imported/Alarm_clock.png-b88476341f77d14a15be6f5d6e36157e.s3tc.ctex (uid://b5ceoggf8uwdi)
       at: GLBExporterInstance::_load_deps (modules\gdsdecomp\exporters\scene_exporter.cpp:1030)
    WARNING: Dependency res://assets/props/Objects_Interior(Village)_Demo/textures/Alarm_clock_01.png:res://.godot/imported/Alarm_clock_01.png-6cee1ebc98352bb2d8978e8e1a97759d.s3tc.ctex is not mapped to the same path: res://.godot/imported/Alarm_clock_01.png-6cee1ebc98352bb2d8978e8e1a97759d.s3tc.ctex (uid://bs3q13vmtoq6f)
       at: GLBExporterInstance::_load_deps (modules\gdsdecomp\exporters\scene_exporter.cpp:1030)
    WARNING: Dependency res://assets/props/Objects_Interior(Village)_Demo/textures/Books.png:res://.godot/imported/Books.png-57ddd4036b12861c5b90c3e1adee707d.s3tc.ctex is not mapped to the same path: res://.godot/imported/Books.png-57ddd4036b12861c5b90c3e1adee707d.s3tc.ctex (uid://dddt3x40435xl)
       at: GLBExporterInstance::_load_deps (modules\gdsdecomp\exporters\scene_exporter.cpp:1030)
    WARNING: Dependency res://assets/props/Objects_Interior(Village)_Demo/textures/bed_01.png:res://.godot/imported/bed_01.png-8742ba5c2181a7201679c62bea44e48a.s3tc.ctex is not mapped to the same path: res://.godot/imported/bed_01.png-8742ba5c2181a7201679c62bea44e48a.s3tc.ctex (uid://8nn3x4h3l7ff)
       at: GLBExporterInstance::_load_deps (modules\gdsdecomp\exporters\scene_exporter.cpp:1030)
    WARNING: Dependency res://assets/props/Objects_Interior(Village)_Demo/textures/bed_02.png:res://.godot/imported/bed_02.png-cf7430c88dc260a6bb25aa372809fb62.s3tc.ctex is not mapped to the same path: res://.godot/imported/bed_02.png-cf7430c88dc260a6bb25aa372809fb62.s3tc.ctex (uid://bxe3iwcdfuj8t)
       at: GLBExporterInstance::_load_deps (modules\gdsdecomp\exporters\scene_exporter.cpp:1030)
    WARNING: Dependency res://assets/props/Objects_Interior(Village)_Demo/textures/bed_03.png:res://.godot/imported/bed_03.png-1213a8e20b1ddb66802492ef125f5a8f.s3tc.ctex is not mapped to the same path: res://.godot/imported/bed_03.png-1213a8e20b1ddb66802492ef125f5a8f.s3tc.ctex (uid://bypggcyribpxw)
       at: GLBExporterInstance::_load_deps (modules\gdsdecomp\exporters\scene_exporter.cpp:1030)
    WARNING: Dependency res://assets/props/Objects_Interior(Village)_Demo/textures/bed_04.png:res://.godot/imported/bed_04.png-8d6914d74117a2b4fb8e9ded18bb94bd.s3tc.ctex is not mapped to the same path: res://.godot/imported/bed_04.png-8d6914d74117a2b4fb8e9ded18bb94bd.s3tc.ctex (uid://b7ehxwiasyq5c)
       at: GLBExporterInstance::_load_deps (modules\gdsdecomp\exporters\scene_exporter.cpp:1030)
    WARNING: Dependency res://assets/props/Objects_Interior(Village)_Demo/textures/Chest_drawers_01.png:res://.godot/imported/Chest_drawers_01.png-2a1778808c3999c7487138e2f93e7643.s3tc.ctex is not mapped to the same path: res://.godot/imported/Chest_drawers_01.png-2a1778808c3999c7487138e2f93e7643.s3tc.ctex (uid://q2dtfgpq7h5r)
       at: GLBExporterInstance::_load_deps (modules\gdsdecomp\exporters\scene_exporter.cpp:1030)
    WARNING: Dependency res://assets/props/Objects_Interior(Village)_Demo/textures/Chest_drawers_02.png:res://.godot/imported/Chest_drawers_02.png-ac6757be3b62025b6876f649a80584c8.s3tc.ctex is not mapped to the same path: res://.godot/imported/Chest_drawers_02.png-ac6757be3b62025b6876f649a80584c8.s3tc.ctex (uid://bvsxfwdwenmu2)
       at: GLBExporterInstance::_load_deps (modules\gdsdecomp\exporters\scene_exporter.cpp:1030)
    WARNING: Dependency res://assets/props/Objects_Interior(Village)_Demo/textures/Chest_drawers_03.png:res://.godot/imported/Chest_drawers_03.png-250e681301f66f39d091fca6f5b2465e.s3tc.ctex is not mapped to the same path: res://.godot/imported/Chest_drawers_03.png-250e681301f66f39d091fca6f5b2465e.s3tc.ctex (uid://du181s80e233h)
       at: GLBExporterInstance::_load_deps (modules\gdsdecomp\exporters\scene_exporter.cpp:1030)
    WARNING: Dependency res://assets/props/Objects_Interior(Village)_Demo/textures/Chest_drawers_04.png:res://.godot/imported/Chest_drawers_04.png-66cae1a67ec0d5e41ce1cdf89e10e70b.s3tc.ctex is not mapped to the same path: res://.godot/imported/Chest_drawers_04.png-66cae1a67ec0d5e41ce1cdf89e10e70b.s3tc.ctex (uid://brls2up77xwpi)
       at: GLBExporterInstance::_load_deps (modules\gdsdecomp\exporters\scene_exporter.cpp:1030)
    WARNING: Dependency res://assets/props/Objects_Interior(Village)_Demo/textures/Chest_drawers_05.png:res://.godot/imported/Chest_drawers_05.png-2593a7e029eb4b54ef911ed73b472fcd.s3tc.ctex is not mapped to the same path: res://.godot/imported/Chest_drawers_05.png-2593a7e029eb4b54ef911ed73b472fcd.s3tc.ctex (uid://di0y6jj45ovsl)
       at: GLBExporterInstance::_load_deps (modules\gdsdecomp\exporters\scene_exporter.cpp:1030)
    WARNING: Dependency res://assets/props/Objects_Interior(Village)_Demo/textures/Chest_drawers_06.png:res://.godot/imported/Chest_drawers_06.png-76822199421532da6842b7d36b1ea961.s3tc.ctex is not mapped to the same path: res://.godot/imported/Chest_drawers_06.png-76822199421532da6842b7d36b1ea961.s3tc.ctex (uid://3b6368y6w4hd)
       at: GLBExporterInstance::_load_deps (modules\gdsdecomp\exporters\scene_exporter.cpp:1030)
    WARNING: Dependency res://assets/props/Objects_Interior(Village)_Demo/textures/Bookcase.png:res://.godot/imported/Bookcase.png-45150008c350c007d6b4425d003a8af1.s3tc.ctex is not mapped to the same path: res://.godot/imported/Bookcase.png-45150008c350c007d6b4425d003a8af1.s3tc.ctex (uid://dftkbkn72k85k)
       at: GLBExporterInstance::_load_deps (modules\gdsdecomp\exporters\scene_exporter.cpp:1030)
    WARNING: Dependency res://assets/props/Objects_Interior(Village)_Demo/textures/Bookcase_01.png:res://.godot/imported/Bookcase_01.png-ea09cc7fd8dbcdfb01539f48d2c670af.s3tc.ctex is not mapped to the same path: res://.godot/imported/Bookcase_01.png-ea09cc7fd8dbcdfb01539f48d2c670af.s3tc.ctex (uid://bfsqtsg51s6di)
       at: GLBExporterInstance::_load_deps (modules\gdsdecomp\exporters\scene_exporter.cpp:1030)
    WARNING: Dependency res://assets/props/Objects_Interior(Village)_Demo/textures/Bookcase_02.png:res://.godot/imported/Bookcase_02.png-47c84c02ab75472d6d2d6afcb033c7a0.s3tc.ctex is not mapped to the same path: res://.godot/imported/Bookcase_02.png-47c84c02ab75472d6d2d6afcb033c7a0.s3tc.ctex (uid://tw7yypu8jvxf)
       at: GLBExporterInstance::_load_deps (modules\gdsdecomp\exporters\scene_exporter.cpp:1030)
    WARNING: Dependency res://assets/props/Objects_Interior(Village)_Demo/textures/Fitment.png:res://.godot/imported/Fitment.png-09181a00c72d722b68659deb9be4854c.s3tc.ctex is not mapped to the same path: res://.godot/imported/Fitment.png-09181a00c72d722b68659deb9be4854c.s3tc.ctex (uid://c568iarpjmgao)
       at: GLBExporterInstance::_load_deps (modules\gdsdecomp\exporters\scene_exporter.cpp:1030)
    WARNING: Dependency res://assets/props/Objects_Interior(Village)_Demo/textures/Fitment_02.png:res://.godot/imported/Fitment_02.png-f2cc4beda2fe6894ec9b6a26ebbd03aa.s3tc.ctex is not mapped to the same path: res://.godot/imported/Fitment_02.png-f2cc4beda2fe6894ec9b6a26ebbd03aa.s3tc.ctex (uid://c7fc6o1clsonq)
       at: GLBExporterInstance::_load_deps (modules\gdsdecomp\exporters\scene_exporter.cpp:1030)
    WARNING: Dependency res://assets/props/Objects_Interior(Village)_Demo/textures/Lamp_01.png:res://.godot/imported/Lamp_01.png-aebde56b4d18798ea69f30213f30668d.s3tc.ctex is not mapped to the same path: res://.godot/imported/Lamp_01.png-aebde56b4d18798ea69f30213f30668d.s3tc.ctex (uid://cqdv1r3xtiliq)
       at: GLBExporterInstance::_load_deps (modules\gdsdecomp\exporters\scene_exporter.cpp:1030)
    WARNING: Dependency res://assets/props/Objects_Interior(Village)_Demo/textures/Lamp_02.png:res://.godot/imported/Lamp_02.png-44ec868acb7e5ab1b5d1fbfe7dbad9ca.s3tc.ctex is not mapped to the same path: res://.godot/imported/Lamp_02.png-44ec868acb7e5ab1b5d1fbfe7dbad9ca.s3tc.ctex (uid://coejn5b7stltm)
       at: GLBExporterInstance::_load_deps (modules\gdsdecomp\exporters\scene_exporter.cpp:1030)
    WARNING: Dependency res://assets/props/Objects_Interior(Village)_Demo/textures/Lamp_03.png:res://.godot/imported/Lamp_03.png-dfe183ef9d6a0cc4b383e7d707702fcd.s3tc.ctex is not mapped to the same path: res://.godot/imported/Lamp_03.png-dfe183ef9d6a0cc4b383e7d707702fcd.s3tc.ctex (uid://by68kdatl5fq1)
       at: GLBExporterInstance::_load_deps (modules\gdsdecomp\exporters\scene_exporter.cpp:1030)
    WARNING: Dependency res://assets/props/Objects_Interior(Village)_Demo/textures/Ventilator_01.png:res://.godot/imported/Ventilator_01.png-af1f258c483f0fa52a01ce5a193006be.s3tc.ctex is not mapped to the same path: res://.godot/imported/Ventilator_01.png-af1f258c483f0fa52a01ce5a193006be.s3tc.ctex (uid://cb2o8nfymvjlc)
       at: GLBExporterInstance::_load_deps (modules\gdsdecomp\exporters\scene_exporter.cpp:1030)
    WARNING: Dependency res://assets/props/Objects_Interior(Village)_Demo/textures/Ventilator.png:res://.godot/imported/Ventilator.png-a93c4b4b40804a89be73e54d4fa9ee66.s3tc.ctex is not mapped to the same path: res://.godot/imported/Ventilator.png-a93c4b4b40804a89be73e54d4fa9ee66.s3tc.ctex (uid://b3m5h4nwbb76n)
       at: GLBExporterInstance::_load_deps (modules\gdsdecomp\exporters\scene_exporter.cpp:1030)
    WARNING: Dependency res://assets/props/Objects_Interior(Village)_Demo/textures/Armchair.png:res://.godot/imported/Armchair.png-5019fdc3403a737f2888d6b0550e0891.s3tc.ctex is not mapped to the same path: res://.godot/imported/Armchair.png-5019fdc3403a737f2888d6b0550e0891.s3tc.ctex (uid://wqjajyea4njg)
       at: GLBExporterInstance::_load_deps (modules\gdsdecomp\exporters\scene_exporter.cpp:1030)
    WARNING: Dependency res://assets/props/Objects_Interior(Village)_Demo/textures/Armchair_01.png:res://.godot/imported/Armchair_01.png-5440ef5d97432a1c6c937f35a20523af.s3tc.ctex is not mapped to the same path: res://.godot/imported/Armchair_01.png-5440ef5d97432a1c6c937f35a20523af.s3tc.ctex (uid://d33y2wyvdha4h)
       at: GLBExporterInstance::_load_deps (modules\gdsdecomp\exporters\scene_exporter.cpp:1030)
    WARNING: Dependency res://assets/props/Objects_Interior(Village)_Demo/textures/Armchair_02.png:res://.godot/imported/Armchair_02.png-7ef79b6bff963888109e7682e4d9b3b9.s3tc.ctex is not mapped to the same path: res://.godot/imported/Armchair_02.png-7ef79b6bff963888109e7682e4d9b3b9.s3tc.ctex (uid://ct8i8bhdy6kh5)
       at: GLBExporterInstance::_load_deps (modules\gdsdecomp\exporters\scene_exporter.cpp:1030)
    WARNING: Dependency res://assets/props/Objects_Interior(Village)_Demo/textures/Armchair_03.png:res://.godot/imported/Armchair_03.png-91f5938d5874d96fcdaa109cf69bbbc1.s3tc.ctex is not mapped to the same path: res://.godot/imported/Armchair_03.png-91f5938d5874d96fcdaa109cf69bbbc1.s3tc.ctex (uid://b4wjyb3tter53)
       at: GLBExporterInstance::_load_deps (modules\gdsdecomp\exporters\scene_exporter.cpp:1030)
    WARNING: Dependency res://assets/props/Objects_Interior(Village)_Demo/textures/Armchair_04.png:res://.godot/imported/Armchair_04.png-e5000ab258fb084f1b6e5c25c2a60cd2.s3tc.ctex is not mapped to the same path: res://.godot/imported/Armchair_04.png-e5000ab258fb084f1b6e5c25c2a60cd2.s3tc.ctex (uid://dxuc8w3ibq6bm)
       at: GLBExporterInstance::_load_deps (modules\gdsdecomp\exporters\scene_exporter.cpp:1030)
    WARNING: Dependency res://assets/props/Objects_Interior(Village)_Demo/textures/Chair.png:res://.godot/imported/Chair.png-0d2980b5e5765c892fc715b6f1fd504a.s3tc.ctex is not mapped to the same path: res://.godot/imported/Chair.png-0d2980b5e5765c892fc715b6f1fd504a.s3tc.ctex (uid://ce0xs0fikrhq6)
       at: GLBExporterInstance::_load_deps (modules\gdsdecomp\exporters\scene_exporter.cpp:1030)
    WARNING: Dependency res://assets/props/Objects_Interior(Village)_Demo/textures/Armchair_05.png:res://.godot/imported/Armchair_05.png-1bffed210f9b429a45887d7d8e75419b.s3tc.ctex is not mapped to the same path: res://.godot/imported/Armchair_05.png-1bffed210f9b429a45887d7d8e75419b.s3tc.ctex (uid://b133qwuudrfuu)
       at: GLBExporterInstance::_load_deps (modules\gdsdecomp\exporters\scene_exporter.cpp:1030)
    WARNING: Dependency res://assets/props/Objects_Interior(Village)_Demo/textures/Chair_01.png:res://.godot/imported/Chair_01.png-ccbf848a4bc3654496039fea4f22ed42.s3tc.ctex is not mapped to the same path: res://.godot/imported/Chair_01.png-ccbf848a4bc3654496039fea4f22ed42.s3tc.ctex (uid://7hgt2sl474jw)
       at: GLBExporterInstance::_load_deps (modules\gdsdecomp\exporters\scene_exporter.cpp:1030)
    WARNING: Dependency res://assets/props/Objects_Interior(Village)_Demo/textures/Chair_02.png:res://.godot/imported/Chair_02.png-da5c5470e4ebdb49c5be213ba8b7903f.s3tc.ctex is not mapped to the same path: res://.godot/imported/Chair_02.png-da5c5470e4ebdb49c5be213ba8b7903f.s3tc.ctex (uid://n1m33e4fx1jn)
       at: GLBExporterInstance::_load_deps (modules\gdsdecomp\exporters\scene_exporter.cpp:1030)
    WARNING: Dependency res://assets/props/Objects_Interior(Village)_Demo/textures/Armchair_06.png:res://.godot/imported/Armchair_06.png-25d6ab72533267d572712b0646b5203f.s3tc.ctex is not mapped to the same path: res://.godot/imported/Armchair_06.png-25d6ab72533267d572712b0646b5203f.s3tc.ctex (uid://d1axuog5caalg)
       at: GLBExporterInstance::_load_deps (modules\gdsdecomp\exporters\scene_exporter.cpp:1030)
    WARNING: Dependency res://assets/props/Objects_Interior(Village)_Demo/textures/Armchair_07.png:res://.godot/imported/Armchair_07.png-f9aa67bc3ca21601cb8ce0c3c787b034.s3tc.ctex is not mapped to the same path: res://.godot/imported/Armchair_07.png-f9aa67bc3ca21601cb8ce0c3c787b034.s3tc.ctex (uid://c2c44lumbdfwb)
       at: GLBExporterInstance::_load_deps (modules\gdsdecomp\exporters\scene_exporter.cpp:1030)
    WARNING: Dependency res://assets/props/Objects_Interior(Village)_Demo/textures/Armchair_08.png:res://.godot/imported/Armchair_08.png-1f8f8ffccbc657e23f73aab765f8c009.s3tc.ctex is not mapped to the same path: res://.godot/imported/Armchair_08.png-1f8f8ffccbc657e23f73aab765f8c009.s3tc.ctex (uid://carl7xd42ygp4)
       at: GLBExporterInstance::_load_deps (modules\gdsdecomp\exporters\scene_exporter.cpp:1030)
    WARNING: Dependency res://assets/props/Objects_Interior(Village)_Demo/textures/Cake.png:res://.godot/imported/Cake.png-0596a40f37966fa6b7979c7efc405964.s3tc.ctex is not mapped to the same path: res://.godot/imported/Cake.png-0596a40f37966fa6b7979c7efc405964.s3tc.ctex (uid://ccn8banljywk4)
       at: GLBExporterInstance::_load_deps (modules\gdsdecomp\exporters\scene_exporter.cpp:1030)
    WARNING: Dependency res://assets/props/Objects_Interior(Village)_Demo/textures/Bottle.png:res://.godot/imported/Bottle.png-9c02b5f47de13961b2737512ddf29f0b.s3tc.ctex is not mapped to the same path: res://.godot/imported/Bottle.png-9c02b5f47de13961b2737512ddf29f0b.s3tc.ctex (uid://dsnrfm6f13a12)
       at: GLBExporterInstance::_load_deps (modules\gdsdecomp\exporters\scene_exporter.cpp:1030)
    WARNING: Dependency res://assets/props/Objects_Interior(Village)_Demo/textures/Cake_01.png:res://.godot/imported/Cake_01.png-4ca5ed1331be54f55c2ecd2d70aaf98a.s3tc.ctex is not mapped to the same path: res://.godot/imported/Cake_01.png-4ca5ed1331be54f55c2ecd2d70aaf98a.s3tc.ctex (uid://bgt668ibiuvbw)
       at: GLBExporterInstance::_load_deps (modules\gdsdecomp\exporters\scene_exporter.cpp:1030)
    WARNING: Dependency res://assets/props/Objects_Interior(Village)_Demo/textures/Meat.png:res://.godot/imported/Meat.png-1b0121664cb04b5c9168e2c26922e662.s3tc.ctex is not mapped to the same path: res://.godot/imported/Meat.png-1b0121664cb04b5c9168e2c26922e662.s3tc.ctex (uid://ccu86vkggool7)
       at: GLBExporterInstance::_load_deps (modules\gdsdecomp\exporters\scene_exporter.cpp:1030)
    WARNING: Dependency res://assets/props/Objects_Interior(Village)_Demo/textures/Chicken.png:res://.godot/imported/Chicken.png-83745ad60d6acff5db297fda0e415cfa.s3tc.ctex is not mapped to the same path: res://.godot/imported/Chicken.png-83745ad60d6acff5db297fda0e415cfa.s3tc.ctex (uid://lxia43k1xeq5)
       at: GLBExporterInstance::_load_deps (modules\gdsdecomp\exporters\scene_exporter.cpp:1030)
    WARNING: Dependency res://assets/props/Objects_Interior(Village)_Demo/textures/Milk.png:res://.godot/imported/Milk.png-212a2ffb02f381ec6f2a6c443defce81.s3tc.ctex is not mapped to the same path: res://.godot/imported/Milk.png-212a2ffb02f381ec6f2a6c443defce81.s3tc.ctex (uid://bytjugc3uyhyf)
       at: GLBExporterInstance::_load_deps (modules\gdsdecomp\exporters\scene_exporter.cpp:1030)
    WARNING: Dependency res://assets/props/Objects_Interior(Village)_Demo/textures/Pizza.png:res://.godot/imported/Pizza.png-d16e459f01a2d5132747f15aae474cb7.s3tc.ctex is not mapped to the same path: res://.godot/imported/Pizza.png-d16e459f01a2d5132747f15aae474cb7.s3tc.ctex (uid://bo7l1aut5icus)
       at: GLBExporterInstance::_load_deps (modules\gdsdecomp\exporters\scene_exporter.cpp:1030)
    WARNING: Dependency res://assets/props/Objects_Interior(Village)_Demo/textures/Fried_Foods.png:res://.godot/imported/Fried_Foods.png-e91f7cbec995d7a48bbbd7387e6386ae.s3tc.ctex is not mapped to the same path: res://.godot/imported/Fried_Foods.png-e91f7cbec995d7a48bbbd7387e6386ae.s3tc.ctex (uid://c2bl6ehaat2ej)
       at: GLBExporterInstance::_load_deps (modules\gdsdecomp\exporters\scene_exporter.cpp:1030)
    WARNING: Dependency res://assets/props/Objects_Interior(Village)_Demo/textures/Cake_02.png:res://.godot/imported/Cake_02.png-75e3239ab096dc15552aad3d67ae5a56.s3tc.ctex is not mapped to the same path: res://.godot/imported/Cake_02.png-75e3239ab096dc15552aad3d67ae5a56.s3tc.ctex (uid://ckenrry0oucep)
       at: GLBExporterInstance::_load_deps (modules\gdsdecomp\exporters\scene_exporter.cpp:1030)
    WARNING: Dependency res://assets/props/Objects_Interior(Village)_Demo/textures/Plate_food.png:res://.godot/imported/Plate_food.png-29eb31aecc0ed566112e61702a06e6fc.s3tc.ctex is not mapped to the same path: res://.godot/imported/Plate_food.png-29eb31aecc0ed566112e61702a06e6fc.s3tc.ctex (uid://ccj2c1q7je8hw)
       at: GLBExporterInstance::_load_deps (modules\gdsdecomp\exporters\scene_exporter.cpp:1030)
    WARNING: Dependency res://assets/props/Objects_Interior(Village)_Demo/textures/Plate_food_01.png:res://.godot/imported/Plate_food_01.png-55546b41d12d6263246514b8813e9713.s3tc.ctex is not mapped to the same path: res://.godot/imported/Plate_food_01.png-55546b41d12d6263246514b8813e9713.s3tc.ctex (uid://8j71861pbhry)
       at: GLBExporterInstance::_load_deps (modules\gdsdecomp\exporters\scene_exporter.cpp:1030)
    WARNING: Dependency res://assets/props/Objects_Interior(Village)_Demo/textures/Palette.png:res://.godot/imported/Palette.png-c5f83a8d80c598934d5de12627dbaea8.s3tc.ctex is not mapped to the same path: res://.godot/imported/Palette.png-c5f83a8d80c598934d5de12627dbaea8.s3tc.ctex (uid://7p061dfc354o)
       at: GLBExporterInstance::_load_deps (modules\gdsdecomp\exporters\scene_exporter.cpp:1030)
    WARNING: Dependency res://assets/props/Objects_Interior(Village)_Demo/textures/Can.png:res://.godot/imported/Can.png-0ac640577244e8b9d222ff5b4258e822.s3tc.ctex is not mapped to the same path: res://.godot/imported/Can.png-0ac640577244e8b9d222ff5b4258e822.s3tc.ctex (uid://dxo7xanugyyh3)
       at: GLBExporterInstance::_load_deps (modules\gdsdecomp\exporters\scene_exporter.cpp:1030)
    WARNING: Dependency res://assets/props/Objects_Interior(Village)_Demo/textures/Ice_cream.png:res://.godot/imported/Ice_cream.png-9f4dd39425f327d195fbaf4e801bddea.s3tc.ctex is not mapped to the same path: res://.godot/imported/Ice_cream.png-9f4dd39425f327d195fbaf4e801bddea.s3tc.ctex (uid://d0wykew7b5b61)
       at: GLBExporterInstance::_load_deps (modules\gdsdecomp\exporters\scene_exporter.cpp:1030)
    WARNING: Dependency res://assets/props/Objects_Interior(Village)_Demo/textures/Ice_cream_01.png:res://.godot/imported/Ice_cream_01.png-ea5f4839534be629f4a6f82369d95e21.s3tc.ctex is not mapped to the same path: res://.godot/imported/Ice_cream_01.png-ea5f4839534be629f4a6f82369d95e21.s3tc.ctex (uid://bdh60kxf4u5n6)
       at: GLBExporterInstance::_load_deps (modules\gdsdecomp\exporters\scene_exporter.cpp:1030)
    WARNING: Dependency res://assets/props/Objects_Interior(Village)_Demo/textures/Box_strawberries.png:res://.godot/imported/Box_strawberries.png-7c626f7008cc1dfb97b25dd85d5c9141.s3tc.ctex is not mapped to the same path: res://.godot/imported/Box_strawberries.png-7c626f7008cc1dfb97b25dd85d5c9141.s3tc.ctex (uid://b7epe74cwdvxo)
       at: GLBExporterInstance::_load_deps (modules\gdsdecomp\exporters\scene_exporter.cpp:1030)
    WARNING: Dependency res://assets/props/Objects_Interior(Village)_Demo/textures/Garbage_bags.png:res://.godot/imported/Garbage_bags.png-8c835b53bbaaebd40fb9dc0f5d8c9811.s3tc.ctex is not mapped to the same path: res://.godot/imported/Garbage_bags.png-8c835b53bbaaebd40fb9dc0f5d8c9811.s3tc.ctex (uid://cjqxpk3dr4kal)
       at: GLBExporterInstance::_load_deps (modules\gdsdecomp\exporters\scene_exporter.cpp:1030)
    WARNING: Dependency res://assets/props/Objects_Interior(Village)_Demo/textures/Flan.png:res://.godot/imported/Flan.png-ab375d247c540141d66110da7813a178.s3tc.ctex is not mapped to the same path: res://.godot/imported/Flan.png-ab375d247c540141d66110da7813a178.s3tc.ctex (uid://bog1vv4g6cq5o)
       at: GLBExporterInstance::_load_deps (modules\gdsdecomp\exporters\scene_exporter.cpp:1030)
    WARNING: Dependency res://assets/props/Objects_Interior(Village)_Demo/textures/Cereal_bowl.png:res://.godot/imported/Cereal_bowl.png-4ead290aebf6015f6bae85ee6a67d0fd.s3tc.ctex is not mapped to the same path: res://.godot/imported/Cereal_bowl.png-4ead290aebf6015f6bae85ee6a67d0fd.s3tc.ctex (uid://b4opf65hoanvs)
       at: GLBExporterInstance::_load_deps (modules\gdsdecomp\exporters\scene_exporter.cpp:1030)
    WARNING: Dependency res://assets/props/Objects_Interior(Village)_Demo/textures/Ceiling_Fan.png:res://.godot/imported/Ceiling_Fan.png-4e56a8596089ac6f0c15e251efadfabe.s3tc.ctex is not mapped to the same path: res://.godot/imported/Ceiling_Fan.png-4e56a8596089ac6f0c15e251efadfabe.s3tc.ctex (uid://hebhefydlcj2)
       at: GLBExporterInstance::_load_deps (modules\gdsdecomp\exporters\scene_exporter.cpp:1030)
    WARNING: Dependency res://assets/props/Objects_Interior(Village)_Demo/textures/Ceiling_Fan_01.png:res://.godot/imported/Ceiling_Fan_01.png-664e1b803f1e43d6ba16b49b9a4558ea.s3tc.ctex is not mapped to the same path: res://.godot/imported/Ceiling_Fan_01.png-664e1b803f1e43d6ba16b49b9a4558ea.s3tc.ctex (uid://cnhe04osexx3i)
       at: GLBExporterInstance::_load_deps (modules\gdsdecomp\exporters\scene_exporter.cpp:1030)
    WARNING: Dependency res://assets/props/Objects_Interior(Village)_Demo/textures/Ceiling_Fan_02.png:res://.godot/imported/Ceiling_Fan_02.png-bcff3690090ad6bb06e4a420120bb721.s3tc.ctex is not mapped to the same path: res://.godot/imported/Ceiling_Fan_02.png-bcff3690090ad6bb06e4a420120bb721.s3tc.ctex (uid://cq5g2cddcbsls)
       at: GLBExporterInstance::_load_deps (modules\gdsdecomp\exporters\scene_exporter.cpp:1030)
    WARNING: Dependency res://assets/props/Objects_Interior(Village)_Demo/textures/Table.png:res://.godot/imported/Table.png-e0e4f253c0d4750bcef26263b0721fe7.s3tc.ctex is not mapped to the same path: res://.godot/imported/Table.png-e0e4f253c0d4750bcef26263b0721fe7.s3tc.ctex (uid://dg1wjfie1ucfm)
       at: GLBExporterInstance::_load_deps (modules\gdsdecomp\exporters\scene_exporter.cpp:1030)
    WARNING: Dependency res://assets/props/Objects_Interior(Village)_Demo/textures/Table_01.png:res://.godot/imported/Table_01.png-d7f48d91e88f9b137f47f705a8735710.s3tc.ctex is not mapped to the same path: res://.godot/imported/Table_01.png-d7f48d91e88f9b137f47f705a8735710.s3tc.ctex (uid://bgs6gaxxym6k8)
       at: GLBExporterInstance::_load_deps (modules\gdsdecomp\exporters\scene_exporter.cpp:1030)
    WARNING: Dependency res://assets/props/Objects_Interior(Village)_Demo/textures/Table_02.png:res://.godot/imported/Table_02.png-2b58bd07e3fe7a98424783e205afdc7f.s3tc.ctex is not mapped to the same path: res://.godot/imported/Table_02.png-2b58bd07e3fe7a98424783e205afdc7f.s3tc.ctex (uid://bl5o4cc3vvv5l)
       at: GLBExporterInstance::_load_deps (modules\gdsdecomp\exporters\scene_exporter.cpp:1030)
    WARNING: Dependency res://assets/props/Objects_Interior(Village)_Demo/textures/Chair_03.png:res://.godot/imported/Chair_03.png-4f4ae63a22fd02e37d7ef668daca06e6.s3tc.ctex is not mapped to the same path: res://.godot/imported/Chair_03.png-4f4ae63a22fd02e37d7ef668daca06e6.s3tc.ctex (uid://d34epj4u7ydux)
       at: GLBExporterInstance::_load_deps (modules\gdsdecomp\exporters\scene_exporter.cpp:1030)
    WARNING: Dependency res://assets/props/Objects_Interior(Village)_Demo/textures/Chair_04.png:res://.godot/imported/Chair_04.png-7274fdf4831b11de9e0d43ae7124b0f5.s3tc.ctex is not mapped to the same path: res://.godot/imported/Chair_04.png-7274fdf4831b11de9e0d43ae7124b0f5.s3tc.ctex (uid://ka4hwb8olj58)
       at: GLBExporterInstance::_load_deps (modules\gdsdecomp\exporters\scene_exporter.cpp:1030)
    WARNING: Dependency res://assets/props/Objects_Interior(Village)_Demo/textures/Chair_05.png:res://.godot/imported/Chair_05.png-bb9c5bd92160774b7878f6fdc447f516.s3tc.ctex is not mapped to the same path: res://.godot/imported/Chair_05.png-bb9c5bd92160774b7878f6fdc447f516.s3tc.ctex (uid://cdgyjeemdol5m)
       at: GLBExporterInstance::_load_deps (modules\gdsdecomp\exporters\scene_exporter.cpp:1030)
    WARNING: Dependency res://assets/props/Objects_Interior(Village)_Demo/textures/Focus.png:res://.godot/imported/Focus.png-963e51bb717cb02c003af2abbf239422.s3tc.ctex is not mapped to the same path: res://.godot/imported/Focus.png-963e51bb717cb02c003af2abbf239422.s3tc.ctex (uid://b8d23nuva6q8h)
       at: GLBExporterInstance::_load_deps (modules\gdsdecomp\exporters\scene_exporter.cpp:1030)
    WARNING: Dependency res://assets/props/Objects_Interior(Village)_Demo/textures/Focus_Emissor.png:res://.godot/imported/Focus_Emissor.png-171c79533b973af2de22da672fd03c38.s3tc.ctex is not mapped to the same path: res://.godot/imported/Focus_Emissor.png-171c79533b973af2de22da672fd03c38.s3tc.ctex (uid://d7as0hlu5cvh)
       at: GLBExporterInstance::_load_deps (modules\gdsdecomp\exporters\scene_exporter.cpp:1030)
    WARNING: Dependency res://assets/props/Objects_Interior(Village)_Demo/textures/Focus_01.png:res://.godot/imported/Focus_01.png-7e0e67fc5b490728cb907918e9df5492.s3tc.ctex is not mapped to the same path: res://.godot/imported/Focus_01.png-7e0e67fc5b490728cb907918e9df5492.s3tc.ctex (uid://ca7kbfcgknw6b)
       at: GLBExporterInstance::_load_deps (modules\gdsdecomp\exporters\scene_exporter.cpp:1030)
    WARNING: Dependency res://assets/props/Objects_Interior(Village)_Demo/textures/Focus_01_Emissor.png:res://.godot/imported/Focus_01_Emissor.png-a4c7c2bbf4c87ad0f38a27f20113fbea.s3tc.ctex is not mapped to the same path: res://.godot/imported/Focus_01_Emissor.png-a4c7c2bbf4c87ad0f38a27f20113fbea.s3tc.ctex (uid://b6vn7xelmxo3f)
       at: GLBExporterInstance::_load_deps (modules\gdsdecomp\exporters\scene_exporter.cpp:1030)
    WARNING: Dependency res://assets/props/Objects_Interior(Village)_Demo/textures/Focus_02.png:res://.godot/imported/Focus_02.png-c6349159e173dfb2d6fe2329a33b10a2.s3tc.ctex is not mapped to the same path: res://.godot/imported/Focus_02.png-c6349159e173dfb2d6fe2329a33b10a2.s3tc.ctex (uid://hcgbqte53bc7)
       at: GLBExporterInstance::_load_deps (modules\gdsdecomp\exporters\scene_exporter.cpp:1030)
    WARNING: Dependency res://assets/props/Objects_Interior(Village)_Demo/textures/Focus_02_Emissor.png:res://.godot/imported/Focus_02_Emissor.png-2e1a9b2593566eacfba5ed25fe2fa131.s3tc.ctex is not mapped to the same path: res://.godot/imported/Focus_02_Emissor.png-2e1a9b2593566eacfba5ed25fe2fa131.s3tc.ctex (uid://y6okowspshe7)
       at: GLBExporterInstance::_load_deps (modules\gdsdecomp\exporters\scene_exporter.cpp:1030)
    WARNING: Dependency res://assets/props/Objects_Interior(Village)_Demo/textures/Flower_Table.png:res://.godot/imported/Flower_Table.png-bd96ca24e5ea6a393bdee93e52702021.s3tc.ctex is not mapped to the same path: res://.godot/imported/Flower_Table.png-bd96ca24e5ea6a393bdee93e52702021.s3tc.ctex (uid://c3llb58eudilk)
       at: GLBExporterInstance::_load_deps (modules\gdsdecomp\exporters\scene_exporter.cpp:1030)
    WARNING: Dependency res://assets/props/Objects_Interior(Village)_Demo/textures/Flower_Table_01.png:res://.godot/imported/Flower_Table_01.png-46ce4f78861cfab9265acef60eeb49b4.s3tc.ctex is not mapped to the same path: res://.godot/imported/Flower_Table_01.png-46ce4f78861cfab9265acef60eeb49b4.s3tc.ctex (uid://c6y2swjl1ua1v)
       at: GLBExporterInstance::_load_deps (modules\gdsdecomp\exporters\scene_exporter.cpp:1030)
    WARNING: Dependency res://assets/props/Objects_Interior(Village)_Demo/textures/Box_Pizza.png:res://.godot/imported/Box_Pizza.png-6cfcad16959a3e9913d5297cf78a2b32.s3tc.ctex is not mapped to the same path: res://.godot/imported/Box_Pizza.png-6cfcad16959a3e9913d5297cf78a2b32.s3tc.ctex (uid://bsefk4fuodwyd)
       at: GLBExporterInstance::_load_deps (modules\gdsdecomp\exporters\scene_exporter.cpp:1030)
    WARNING: Dependency res://assets/props/Objects_Interior(Village)_Demo/textures/Paintings.jpg:res://.godot/imported/Paintings.jpg-326b5f5ada31ffd7f16f682b73038029.s3tc.ctex is not mapped to the same path: res://.godot/imported/Paintings.jpg-326b5f5ada31ffd7f16f682b73038029.s3tc.ctex (uid://rwxc75kupcf4)
       at: GLBExporterInstance::_load_deps (modules\gdsdecomp\exporters\scene_exporter.cpp:1030)
    WARNING: Dependency res://assets/props/Objects_Interior(Village)_Demo/textures/Wardrobe.png:res://.godot/imported/Wardrobe.png-ffb077036e86738f3ad4559d97b4a0e7.s3tc.ctex is not mapped to the same path: res://.godot/imported/Wardrobe.png-ffb077036e86738f3ad4559d97b4a0e7.s3tc.ctex (uid://cdvi5ig1yyf4r)
       at: GLBExporterInstance::_load_deps (modules\gdsdecomp\exporters\scene_exporter.cpp:1030)
    WARNING: Dependency res://assets/props/Objects_Interior(Village)_Demo/textures/Wardrobe_01.png:res://.godot/imported/Wardrobe_01.png-5b506c0ef17b62d16981f90efa9db699.s3tc.ctex is not mapped to the same path: res://.godot/imported/Wardrobe_01.png-5b506c0ef17b62d16981f90efa9db699.s3tc.ctex (uid://cjj1ndwfjeg5i)
       at: GLBExporterInstance::_load_deps (modules\gdsdecomp\exporters\scene_exporter.cpp:1030)
    WARNING: Dependency res://assets/props/Objects_Interior(Village)_Demo/textures/Trash_can.png:res://.godot/imported/Trash_can.png-f5056e07f185d0f8b1af84461e5382c6.s3tc.ctex is not mapped to the same path: res://.godot/imported/Trash_can.png-f5056e07f185d0f8b1af84461e5382c6.s3tc.ctex (uid://djf42qyo8irbk)
       at: GLBExporterInstance::_load_deps (modules\gdsdecomp\exporters\scene_exporter.cpp:1030)
    WARNING: Dependency res://assets/props/Objects_Interior(Village)_Demo/textures/Plates.png:res://.godot/imported/Plates.png-1856909c88c2bc3231bbbfa2bb61f41b.s3tc.ctex is not mapped to the same path: res://.godot/imported/Plates.png-1856909c88c2bc3231bbbfa2bb61f41b.s3tc.ctex (uid://c5fj83wxieuv2)
       at: GLBExporterInstance::_load_deps (modules\gdsdecomp\exporters\scene_exporter.cpp:1030)
    WARNING: Dependency res://assets/props/Objects_Interior(Village)_Demo/textures/Gadgets.png:res://.godot/imported/Gadgets.png-dcefc58f141a18c4548dfc61094611db.s3tc.ctex is not mapped to the same path: res://.godot/imported/Gadgets.png-dcefc58f141a18c4548dfc61094611db.s3tc.ctex (uid://1eo3d474qrvc)
       at: GLBExporterInstance::_load_deps (modules\gdsdecomp\exporters\scene_exporter.cpp:1030)
    WARNING: Dependency res://assets/props/Objects_Interior(Village)_Demo/textures/Cutlery.png:res://.godot/imported/Cutlery.png-fd0709ca09ea8ec4384bd3354bb0440f.s3tc.ctex is not mapped to the same path: res://.godot/imported/Cutlery.png-fd0709ca09ea8ec4384bd3354bb0440f.s3tc.ctex (uid://dvngjpuhuqtwf)
       at: GLBExporterInstance::_load_deps (modules\gdsdecomp\exporters\scene_exporter.cpp:1030)
    ** Errors during GLTF conversion:
    ERROR: glTF: Tried to export a MeshInstance3D node named Chest_drawers_01_004, but it has no mesh. This node will be exported without a mesh.
       at: GLTFDocument::_convert_mesh_to_gltf (modules\gltf\gltf_document.cpp:4118)
    ERROR: glTF: Tried to export a MeshInstance3D node named Chest_drawers_02_001, but it has no mesh. This node will be exported without a mesh.
       at: GLTFDocument::_convert_mesh_to_gltf (modules\gltf\gltf_document.cpp:4118)
    ERROR: glTF: Tried to export a MeshInstance3D node named Chest_drawers_04_002, but it has no mesh. This node will be exported without a mesh.
       at: GLTFDocument::_convert_mesh_to_gltf (modules\gltf\gltf_document.cpp:4118)
    ERROR: glTF: Tried to export a MeshInstance3D node named Chest_drawers_06_001, but it has no mesh. This node will be exported without a mesh.
       at: GLTFDocument::_convert_mesh_to_gltf (modules\gltf\gltf_document.cpp:4118)
    ** Errors during import parameter setting:
    Dependencies that were not set:
      res://assets/props/Objects_Interior(Village)_Demo/textures/Wood.jpg
      res://assets/props/Objects_Interior(Village)_Demo/textures/Wood_01.jpg
      res://assets/props/Objects_Interior(Village)_Demo/textures/WallpaperForties.jpg
      res://assets/props/Objects_Interior(Village)_Demo/textures/Tiles.jpg
      res://assets/props/Objects_Interior(Village)_Demo/textures/Concrete.jpg
      res://assets/props/Objects_Interior(Village)_Demo/textures/Tiles_01.png
      res://assets/props/Objects_Interior(Village)_Demo/textures/Wood_02.jpg
      res://assets/props/Objects_Interior(Village)_Demo/textures/Rooftiles.png
      res://assets/props/Objects_Interior(Village)_Demo/textures/Concrete_01.png
      res://assets/props/Objects_Interior(Village)_Demo/textures/RooftilesSlate.jpg
      res://assets/props/Objects_Interior(Village)_Demo/textures/Wood_03.jpg
      res://assets/props/Objects_Interior(Village)_Demo/textures/Cupboard.png
      res://assets/props/Objects_Interior(Village)_Demo/textures/Marble.jpg
      res://assets/props/Objects_Interior(Village)_Demo/textures/Metal.jpg
      res://assets/props/Objects_Interior(Village)_Demo/textures/Stove.jpg
      res://assets/props/Objects_Interior(Village)_Demo/textures/Cupboard_01.png
      res://assets/props/Objects_Interior(Village)_Demo/textures/Wood_04.jpg
      res://assets/props/Objects_Interior(Village)_Demo/textures/Wood_05.jpg
      res://assets/props/Objects_Interior(Village)_Demo/textures/Fabric.jpg
      res://assets/props/Objects_Interior(Village)_Demo/textures/Door.jpg
      res://assets/props/Objects_Interior(Village)_Demo/textures/bed.png
      res://assets/props/Objects_Interior(Village)_Demo/textures/Chest_drawers.png
      res://assets/props/Objects_Interior(Village)_Demo/textures/Lamp.png
      res://assets/props/Objects_Interior(Village)_Demo/textures/Lamp_Emissor.png
      res://assets/props/Objects_Interior(Village)_Demo/textures/Refrigerator.png
      res://assets/props/Objects_Interior(Village)_Demo/textures/Phone.png
      res://assets/props/Objects_Interior(Village)_Demo/textures/Phone_01.png
      res://assets/props/Objects_Interior(Village)_Demo/textures/Radio.png
      res://assets/props/Objects_Interior(Village)_Demo/textures/Radio_01.png
      res://assets/props/Objects_Interior(Village)_Demo/textures/Radio_02.png
      res://assets/props/Objects_Interior(Village)_Demo/textures/Desk_lamp.png
      res://assets/props/Objects_Interior(Village)_Demo/textures/Desk_lamp_01.png
      res://assets/props/Objects_Interior(Village)_Demo/textures/Alarm_clock.png
      res://assets/props/Objects_Interior(Village)_Demo/textures/Alarm_clock_01.png
      res://assets/props/Objects_Interior(Village)_Demo/textures/Books.png
      res://assets/props/Objects_Interior(Village)_Demo/textures/bed_01.png
      res://assets/props/Objects_Interior(Village)_Demo/textures/bed_02.png
      res://assets/props/Objects_Interior(Village)_Demo/textures/bed_03.png
      res://assets/props/Objects_Interior(Village)_Demo/textures/bed_04.png
      res://assets/props/Objects_Interior(Village)_Demo/textures/Chest_drawers_01.png
      res://assets/props/Objects_Interior(Village)_Demo/textures/Chest_drawers_02.png
      res://assets/props/Objects_Interior(Village)_Demo/textures/Chest_drawers_03.png
      res://assets/props/Objects_Interior(Village)_Demo/textures/Chest_drawers_04.png
      res://assets/props/Objects_Interior(Village)_Demo/textures/Chest_drawers_05.png
      res://assets/props/Objects_Interior(Village)_Demo/textures/Chest_drawers_06.png
      res://assets/props/Objects_Interior(Village)_Demo/textures/Bookcase.png
      res://assets/props/Objects_Interior(Village)_Demo/textures/Bookcase_01.png
      res://assets/props/Objects_Interior(Village)_Demo/textures/Bookcase_02.png
      res://assets/props/Objects_Interior(Village)_Demo/textures/Fitment.png
      res://assets/props/Objects_Interior(Village)_Demo/textures/Fitment_02.png
      res://assets/props/Objects_Interior(Village)_Demo/textures/Lamp_01.png
      res://assets/props/Objects_Interior(Village)_Demo/textures/Lamp_02.png
      res://assets/props/Objects_Interior(Village)_Demo/textures/Lamp_03.png
      res://assets/props/Objects_Interior(Village)_Demo/textures/Ventilator_01.png
      res://assets/props/Objects_Interior(Village)_Demo/textures/Ventilator.png
      res://assets/props/Objects_Interior(Village)_Demo/textures/Armchair.png
      res://assets/props/Objects_Interior(Village)_Demo/textures/Armchair_01.png
      res://assets/props/Objects_Interior(Village)_Demo/textures/Armchair_02.png
      res://assets/props/Objects_Interior(Village)_Demo/textures/Armchair_03.png
      res://assets/props/Objects_Interior(Village)_Demo/textures/Armchair_04.png
      res://assets/props/Objects_Interior(Village)_Demo/textures/Chair.png
      res://assets/props/Objects_Interior(Village)_Demo/textures/Armchair_05.png
      res://assets/props/Objects_Interior(Village)_Demo/textures/Chair_01.png
      res://assets/props/Objects_Interior(Village)_Demo/textures/Chair_02.png
      res://assets/props/Objects_Interior(Village)_Demo/textures/Armchair_06.png
      res://assets/props/Objects_Interior(Village)_Demo/textures/Armchair_07.png
      res://assets/props/Objects_Interior(Village)_Demo/textures/Armchair_08.png
      res://assets/props/Objects_Interior(Village)_Demo/textures/Cake.png
      res://assets/props/Objects_Interior(Village)_Demo/textures/Bottle.png
      res://assets/props/Objects_Interior(Village)_Demo/textures/Cake_01.png
      res://assets/props/Objects_Interior(Village)_Demo/textures/Meat.png
      res://assets/props/Objects_Interior(Village)_Demo/textures/Chicken.png
      res://assets/props/Objects_Interior(Village)_Demo/textures/Milk.png
      res://assets/props/Objects_Interior(Village)_Demo/textures/Pizza.png
      res://assets/props/Objects_Interior(Village)_Demo/textures/Fried_Foods.png
      res://assets/props/Objects_Interior(Village)_Demo/textures/Cake_02.png
      res://assets/props/Objects_Interior(Village)_Demo/textures/Plate_food.png
      res://assets/props/Objects_Interior(Village)_Demo/textures/Plate_food_01.png
      res://assets/props/Objects_Interior(Village)_Demo/textures/Palette.png
      res://assets/props/Objects_Interior(Village)_Demo/textures/Can.png
      res://assets/props/Objects_Interior(Village)_Demo/textures/Ice_cream.png
      res://assets/props/Objects_Interior(Village)_Demo/textures/Ice_cream_01.png
      res://assets/props/Objects_Interior(Village)_Demo/textures/Box_strawberries.png
      res://assets/props/Objects_Interior(Village)_Demo/textures/Garbage_bags.png
      res://assets/props/Objects_Interior(Village)_Demo/textures/Flan.png
      res://assets/props/Objects_Interior(Village)_Demo/textures/Cereal_bowl.png
      res://assets/props/Objects_Interior(Village)_Demo/textures/Ceiling_Fan.png
      res://assets/props/Objects_Interior(Village)_Demo/textures/Ceiling_Fan_01.png
      res://assets/props/Objects_Interior(Village)_Demo/textures/Ceiling_Fan_02.png
      res://assets/props/Objects_Interior(Village)_Demo/textures/Table.png
      res://assets/props/Objects_Interior(Village)_Demo/textures/Table_01.png
      res://assets/props/Objects_Interior(Village)_Demo/textures/Table_02.png
      res://assets/props/Objects_Interior(Village)_Demo/textures/Chair_03.png
      res://assets/props/Objects_Interior(Village)_Demo/textures/Chair_04.png
      res://assets/props/Objects_Interior(Village)_Demo/textures/Chair_05.png
      res://assets/props/Objects_Interior(Village)_Demo/textures/Focus.png
      res://assets/props/Objects_Interior(Village)_Demo/textures/Focus_Emissor.png
      res://assets/props/Objects_Interior(Village)_Demo/textures/Focus_01.png
      res://assets/props/Objects_Interior(Village)_Demo/textures/Focus_01_Emissor.png
      res://assets/props/Objects_Interior(Village)_Demo/textures/Focus_02.png
      res://assets/props/Objects_Interior(Village)_Demo/textures/Focus_02_Emissor.png
      res://assets/props/Objects_Interior(Village)_Demo/textures/Flower_Table.png
      res://assets/props/Objects_Interior(Village)_Demo/textures/Flower_Table_01.png
      res://assets/props/Objects_Interior(Village)_Demo/textures/Box_Pizza.png
      res://assets/props/Objects_Interior(Village)_Demo/textures/Paintings.jpg
      res://assets/props/Objects_Interior(Village)_Demo/textures/Wardrobe.png
      res://assets/props/Objects_Interior(Village)_Demo/textures/Wardrobe_01.png
      res://assets/props/Objects_Interior(Village)_Demo/textures/Trash_can.png
      res://assets/props/Objects_Interior(Village)_Demo/textures/Plates.png
      res://assets/props/Objects_Interior(Village)_Demo/textures/Gadgets.png
      res://assets/props/Objects_Interior(Village)_Demo/textures/Cutlery.png

* res://assets/props/glb/falke/Bank.glb
  * Errors during rewriting import settings:
  * Failed to set all external dependencies in GLTF export and/or import info. This scene may not be imported correctly upon re-import.
  * Errors:
    ** Errors during import parameter setting:
    Dependencies that were not set:
      res://assets/props/glb/falke/Bank_Bank.png

* res://assets/props/glb/falke/husv2/Hus5v2.glb
  * Errors during dependency resolution:
  * Dependency res://assets/props/glb/falke/husv2/Hus5v2_HusHvitT.png -> res://assets/props/glb/falke/husv2/Hus5v2_HusHvitT.png does not exist.

* res://assets/props/glb/falke/husv2/Hus6v2.glb
  * Errors during dependency resolution:
  * Dependency res://assets/props/glb/falke/husv2/Hus6v2_HusHvitT.png -> res://assets/props/glb/falke/husv2/Hus6v2_HusHvitT.png does not exist.



------------------------------------------------------------------------------------

Use Godot editor version 4.6.2 to edit the project.

*******************************************************************************

